"","scope","B.Code","D.Item","CP","NDF","Ash","EE","GE","M7_Category"
"1","diet","AG0018","bsm",110,NA,NA,NA,NA,NA
"2","diet","AG0018","llm",217,332,81,NA,NA,NA
"3","diet","AG0042","60% f sopm",142.1,NA,57.7,34.6,NA,NA
"4","diet","AG0042","60% uf sopm",139.3,NA,54.6,34.2,NA,NA
"5","diet","AG0042","con",136.2,NA,52.2,33.8,NA,NA
"6","diet","AG0050","cpl",291.5,NA,94.9,NA,NA,NA
"7","diet","AG0050","csh",293.4,NA,103.3,NA,NA,NA
"8","diet","AG0050","cst",290.6,NA,94.6,NA,NA,NA
"9","diet","AG0050","ctb",294.2,NA,106.4,NA,NA,NA
"10","diet","AG0050","control",291.5,NA,88.3,NA,NA,NA
"11","diet","AG0051","pg",157.9,329.3,NA,NA,NA,NA
"12","diet","AG0087","control",166.4,NA,NA,NA,NA,NA
"13","diet","AG0087","direct boiling df 1.5%",174,NA,NA,NA,NA,NA
"14","diet","AG0087","direct boiling df 3.5%",172.2,NA,NA,NA,NA,NA
"15","diet","AG0087","direct boiling df 5%",168.9,NA,NA,NA,NA,NA
"16","diet","AG0087","indirect boiling df 1.5%",174.4,NA,NA,NA,NA,NA
"17","diet","AG0087","indirect boiling df 3.5%",171.8,NA,NA,NA,NA,NA
"18","diet","AG0087","indirect boiling df 5%",168.8,NA,NA,NA,NA,NA
"19","diet","AG0087","roasted df 1.5%",175.6,NA,NA,NA,NA,NA
"20","diet","AG0087","roasted df 3.5%",172.8,NA,NA,NA,NA,NA
"21","diet","AG0087","roasted df 5%",169.17,NA,NA,NA,NA,NA
"22","diet","AG0087","sun dried df 1.5%",174.4,NA,NA,NA,NA,NA
"23","diet","AG0087","sun dried df 3.5%",172,NA,NA,NA,NA,NA
"24","diet","AG0087","sun dried df 5%",168.8,NA,NA,NA,NA,NA
"25","diet","AN0007","t1",128,NA,42,30,NA,NA
"26","diet","AN0007","t2",132,NA,52,32,NA,NA
"27","diet","AN0007","t3",136,NA,60,36,NA,NA
"28","diet","AN0007","t4",142,NA,66,39,NA,NA
"29","diet","AN0007","t5",150,NA,75,45,NA,NA
"30","diet","AN0027","control pds",185.1,342.3,85.6,32.5,NA,NA
"31","diet","AN0029","t2 1.5%",259.6,NA,38.4,NA,20.3852848,NA
"32","diet","AN0029","t3 2.5%",259.6,NA,38.4,NA,20.3852848,NA
"33","diet","AN0058","pjp 30",229.7,NA,82.5,70.6,NA,NA
"34","diet","EO0027","cbs",281,NA,154,NA,14.7,NA
"35","diet","EO0027","coc",281,NA,129,NA,13.9,NA
"36","diet","EO0027","reference diet",284,NA,99.9,NA,15.1,NA
"37","diet","EO0047","pp0-0%",NA,NA,NA,NA,NA,NA
"38","diet","EO0047","pp10-10%",NA,NA,NA,NA,NA,NA
"39","diet","EO0047","pp20-20%",NA,NA,NA,NA,NA,NA
"40","diet","EO0047","pp30-30%",NA,NA,NA,NA,NA,NA
"41","diet","EO0057","t1",185,NA,NA,NA,NA,NA
"42","diet","EO0057","t2",185,NA,NA,NA,NA,NA
"43","diet","EO0078","0% pjp",169,NA,67,49.3,NA,NA
"44","diet","EO0078","10%pjp",155.1,NA,NA,45.7,NA,NA
"45","diet","EO0078","20%pjp",150.9,NA,57.6,42.8,NA,NA
"46","diet","EO0078","30%pjp",160.1,NA,51.2,40.4,NA,NA
"47","diet","EO0078","40%pjp",157.2,NA,49,39,NA,NA
"48","diet","HK0006","d1 no f.polita",79,NA,NA,NA,NA,NA
"49","diet","HK0006","d2 30 f.polita",114.1,NA,NA,NA,NA,NA
"50","diet","HK0006","d3 60 f.polita",149.2,NA,NA,NA,NA,NA
"51","diet","HK0006","d4 90 f.polita",184.3,NA,NA,NA,NA,NA
"52","diet","HK0007","con",169.2,NA,NA,NA,NA,NA
"53","diet","HK0007","hwm1",168.2,NA,NA,NA,NA,NA
"54","diet","HK0007","hwm2",166.2,NA,NA,NA,NA,NA
"55","diet","HK0007","hwm3",162.4,NA,NA,NA,NA,NA
"56","diet","HK0008","0% leucaena goat",108,NA,NA,NA,NA,NA
"57","diet","HK0008","0% leucaena sheep",108,NA,NA,NA,NA,NA
"58","diet","HK0008","20% leucaena goat",139,NA,NA,NA,NA,NA
"59","diet","HK0008","20% leucaena sheep",139,NA,NA,NA,NA,NA
"60","diet","HK0008","40% leucaena goat",181,NA,NA,NA,NA,NA
"61","diet","HK0008","40% leucaena sheep",181,NA,NA,NA,NA,NA
"62","diet","HK0008","60% leucaena goat",227,NA,NA,NA,NA,NA
"63","diet","HK0008","60% leucaena sheep",227,NA,NA,NA,NA,NA
"64","diet","HK0008","80% leucaena goat",263,NA,NA,NA,NA,NA
"65","diet","HK0008","80% leucaena sheep",263,NA,NA,NA,NA,NA
"66","diet","HK0011","cw",54.1,NA,66.8,7.8,16.81968,NA
"67","diet","HK0011","cw:dsbg",181.2,NA,61.8,39.4,18.28408,NA
"68","diet","HK0011","dsbg",332,NA,53.9,62.2,19.874,NA
"69","diet","HK0014","d1 no macuna bundle 1",371,NA,NA,NA,12.3168592,NA
"70","diet","HK0014","d2 5% treated macuna bundle 1",369.1,NA,NA,NA,12.1285792,NA
"71","diet","HK0014","d2 5% treated macuna bundle 2",369.1,NA,NA,NA,12.1285792,NA
"72","diet","HK0014","d3 5% raw macuna bundle 1",365.3,NA,NA,NA,11.9235632,NA
"73","diet","HK0014","d3 5% raw macuna bundle 2",365.3,NA,NA,NA,11.9235632,NA
"74","diet","HK0014","d4 10% treated macuna bundle 1",366.8,NA,NA,NA,11.9114296,NA
"75","diet","HK0014","d5 15% treated macuna bundle 1",369,NA,NA,NA,11.4972136,NA
"76","diet","HK0026","diet 1",NA,NA,NA,NA,NA,NA
"77","diet","HK0026","diet 2",NA,NA,NA,NA,NA,NA
"78","diet","HK0026","diet 3",NA,NA,NA,NA,NA,NA
"79","diet","HK0026","diet 4",NA,NA,NA,NA,NA,NA
"80","diet","HK0026","diet 5",NA,NA,NA,NA,NA,NA
"81","diet","HK0028","msp con",176,NA,109,NA,17.37841136,NA
"82","diet","HK0028","msp1",174,NA,102,NA,17.00327392,NA
"83","diet","HK0028","msp2",165.8,NA,122,NA,16.4648768,NA
"84","diet","HK0029","diet a (no cassava peals)",156,NA,103,36,0.014644,NA
"85","diet","HK0029","diet b 50",159,NA,129,33,0.014644,NA
"86","diet","HK0029","diet c 100",156,NA,142,28,0.0133888,NA
"87","diet","HK0033","0% brewer's grain",108,NA,52.5,40.5,NA,NA
"88","diet","HK0033","15% brewer's grain",172,NA,50.6,43.4,NA,NA
"89","diet","HK0033","30% brewer's grain",151.5,NA,47.9,46.4,NA,NA
"90","diet","HK0033","45% brewer's grain",173.3,NA,45.6,49.3,NA,NA
"91","diet","HK0033","60% brewer's grain",195,NA,43.2,52.2,NA,NA
"92","diet","HK0037","diet 1 bundle 1",237,NA,30.5,48,12.26,NA
"93","diet","HK0037","diet 2 bundle 1",225,NA,39,69.2,12.2,NA
"94","diet","HK0044.1","diet with 0% ucsm 1",210,NA,NA,NA,NA,NA
"95","diet","HK0044.1","diet with 10% ucsm 1",202,NA,NA,NA,NA,NA
"96","diet","HK0044.1","diet with 20% ucsm 1",206,NA,NA,NA,NA,NA
"97","diet","HK0044.1","diet with 30% ucsm 1",204,NA,NA,NA,NA,NA
"98","diet","HK0044.2","diet with 0% ucsm 2",170,NA,NA,NA,NA,NA
"99","diet","HK0044.2","diet with 20% ucsm 2",170,NA,NA,NA,NA,NA
"100","diet","HK0044.2","diet with 30% ucsm 2",170,NA,NA,NA,NA,NA
"101","diet","HK0044.2","diet with 41.1% ucsm 2",170,NA,NA,NA,NA,NA
"102","diet","HK0066.1","0 msk",178,NA,NA,42,NA,NA
"103","diet","HK0066.1","100 msk",176,NA,NA,45,NA,NA
"104","diet","HK0066.1","150 msk",174,NA,NA,46,NA,NA
"105","diet","HK0066.1","200 msk",172,NA,NA,44,NA,NA
"106","diet","HK0066.1","250 msk",171,NA,NA,53,NA,NA
"107","diet","HK0066.1","50 msk",177,NA,NA,42,NA,NA
"108","diet","HK0066.2","0 msk",237.5,NA,NA,38.2,NA,NA
"109","diet","HK0066.2","100 msk",236,NA,NA,45.8,NA,NA
"110","diet","HK0066.2","150 msk",232.1,NA,NA,52.4,NA,NA
"111","diet","HK0066.2","200 msk",236.2,NA,NA,54.5,NA,NA
"112","diet","HK0066.2","50 msk",235,NA,NA,43,NA,NA
"113","diet","HK0098","10% mango diet",406.1,NA,76.5,NA,38.59,NA
"114","diet","HK0098","10% palm kernel diet",410.4,NA,75.4,NA,38.59,NA
"115","diet","HK0098","20% mango diet",410.2,NA,77.8,NA,39.9,NA
"116","diet","HK0098","20% palm kernel diet",413.9,NA,79.3,NA,39.03,NA
"117","diet","HK0098","30% mango diet",411.4,NA,79,NA,39.61,NA
"118","diet","HK0098","30% palm kernel diet",414.5,NA,80.1,NA,39.41,NA
"119","diet","HK0098","control diet",405,NA,73.4,NA,38.15,NA
"120","diet","HK0099","0% palm kernel meal",579,NA,64.6,NA,NA,NA
"121","diet","HK0099","10% palm kernel meal",283.4,NA,42.9,NA,NA,NA
"122","diet","HK0099","15% palm kernel meal",285.6,NA,60.5,NA,NA,NA
"123","diet","HK0099","20% palm kernel meal",290.8,NA,43.7,NA,NA,NA
"124","diet","HK0099","25% palm kernel meal",280.1,NA,40.5,NA,NA,NA
"125","diet","HK0099","30% palm kernel meal",278.6,NA,56.8,NA,NA,NA
"126","diet","HK0102.1","diet con",230.8,NA,NA,NA,NA,NA
"127","diet","HK0102.1","pkm1",228,NA,NA,NA,NA,NA
"128","diet","HK0102.1","pkm2",226,NA,NA,NA,NA,NA
"129","diet","HK0102.1","pkm3",224.9,NA,NA,NA,NA,NA
"130","diet","HK0102.1","pkm4",224.2,NA,NA,NA,NA,NA
"131","diet","HK0102.1","pkm5",223.6,NA,NA,NA,NA,NA
"132","diet","HK0102.2","diet con",203.4,NA,NA,NA,NA,NA
"133","diet","HK0102.2","pkm1",201.1,NA,NA,NA,NA,NA
"134","diet","HK0102.2","pkm2",197.8,NA,NA,NA,NA,NA
"135","diet","HK0102.2","pkm3",196.9,NA,NA,NA,NA,NA
"136","diet","HK0102.2","pkm4",197,NA,NA,NA,NA,NA
"137","diet","HK0102.2","pkm5",196.7,NA,NA,NA,NA,NA
"138","diet","HK0108","0% leucaena diet",56.8,320,133.8,23.2,0.02694496,NA
"139","diet","HK0118","tm 1",435,NA,84,NA,17.76,NA
"140","diet","HK0118","tm 2",435,NA,83,NA,17.98,NA
"141","diet","HK0118","tm 3",434,NA,66,NA,18.19,NA
"142","diet","HK0118","tm 4",433,NA,52,NA,18.41,NA
"143","diet","HK0118","tm 5",432,NA,41,NA,18.82,NA
"144","diet","HK0129","bdg1",161.3,NA,NA,NA,NA,NA
"145","diet","HK0129","bdg2",172.2,NA,NA,NA,NA,NA
"146","diet","HK0129","bdg3",186.5,NA,NA,NA,NA,NA
"147","diet","HK0129","diet con",148.6,NA,NA,NA,NA,NA
"148","diet","HK0138","untreated straw + haulms bundle 1",68,NA,NA,NA,NA,NA
"149","diet","HK0138","untreated straw + haulms bundle 3",68,NA,NA,NA,NA,NA
"150","diet","HK0138","untreated straw bundle 1",48,NA,NA,NA,NA,NA
"151","diet","HK0138","urea straw + haulms bundle 1",94,NA,NA,NA,NA,NA
"152","diet","HK0138","urea straw + haulms bundle 2",94,NA,NA,NA,NA,NA
"153","diet","HK0138","urea straw + haulms bundle 3",94,NA,NA,NA,NA,NA
"154","diet","HK0138","urea straw bundle 1",84,NA,NA,NA,NA,NA
"155","diet","HK0138","urea straw bundle 2",84,NA,NA,NA,NA,NA
"156","diet","HK0160","cp",366.4,NA,19.7,NA,NA,NA
"157","diet","HK0160","mc",370.5,NA,12.1,NA,NA,NA
"158","diet","HK0160","pp",369.2,NA,11.6,NA,NA,NA
"159","diet","HK0160","ym con",371.7,NA,39.4,NA,NA,NA
"160","diet","HK0160","yp",372.8,NA,22.2,NA,NA,NA
"161","diet","HK0228","commercial diet 1",NA,NA,92,NA,21,NA
"162","diet","HK0228","no crop byproducts diet",NA,NA,110,NA,18.8,NA
"163","diet","HK0284","con",159.3,NA,51.9,61.6,15.9,NA
"164","diet","HK0284","rsa1",159.7,NA,51.2,57.1,15.9,NA
"165","diet","HK0284","rsa2",158.9,NA,46,39.5,15.8,NA
"166","diet","HK0284","rsa3",159.1,NA,43.6,37.7,15.8,NA
"167","diet","HK0319","l. jav 25 diet",179.9,253.4,NA,NA,NA,NA
"168","diet","HK0319","negative control diet",189.4,230.8,NA,NA,NA,NA
"169","diet","HK0327.1","lh wh1 b1",160,318,NA,NA,NA,NA
"170","diet","HK0327.1","lh wh2 b1",172,317,NA,NA,NA,NA
"171","diet","HK0327.1","lh wh3 b1",172,304,NA,NA,NA,NA
"172","diet","HK0327.1","lh wh4 b1",175,315,NA,NA,NA,NA
"173","diet","HK0327.1","lh wh5 b1",179,329,NA,NA,NA,NA
"174","diet","HK0327.2","oh wh1 b2",198,354,NA,NA,NA,NA
"175","diet","HK0327.2","oh wh2 b2",206,350,NA,NA,NA,NA
"176","diet","HK0327.2","oh wh4 b2",216,344,NA,NA,NA,NA
"177","diet","HK0327.2","oh wh5 b2",210,333,NA,NA,NA,NA
"178","diet","HK0329","dc0",148,NA,NA,52.2,NA,NA
"179","diet","HK0329","dc100",146,NA,NA,54.1,NA,NA
"180","diet","HK0329","dc150",147,NA,NA,53.7,NA,NA
"181","diet","HK0329","dc200",149,NA,NA,56.9,NA,NA
"182","diet","HK0330","120 g/kg a. tortilis",186,237,NA,NA,17.8,NA
"183","diet","HK0330","150 g/kg a. tortilis",190,241,NA,NA,18.1,NA
"184","diet","HK0331","diet con",300.3,NA,NA,NA,20.21,NA
"185","diet","HK0331","klm 1",298.7,NA,NA,NA,20.34,NA
"186","diet","HK0331","klm 2",299.6,NA,NA,NA,20.48,NA
"187","diet","HK0331","klm 3",297.1,NA,NA,NA,20.53,NA
"188","diet","HK0331","klm 4",300.7,NA,NA,NA,20.47,NA
"189","diet","HK0331","mlm 1",298.4,NA,NA,NA,20.58,NA
"190","diet","HK0331","mlm 2",299.8,NA,NA,NA,20.42,NA
"191","diet","HK0331","mlm 3",304.8,NA,NA,NA,20.26,NA
"192","diet","HK0331","mlm 4",303.8,NA,NA,NA,20.36,NA
"193","diet","HK0350","con csm",182,NA,NA,NA,NA,NA
"194","diet","HK0350","velvet bm 1",184,NA,NA,NA,NA,NA
"195","diet","HK0350","velvet bm 2",183,NA,NA,NA,NA,NA
"196","diet","HK0350","velvet bm 3",183,NA,NA,NA,NA,NA
"197","diet","JS0076","bfm1",202.5,NA,NA,35,NA,NA
"198","diet","JS0076","bfm2",201.8,NA,NA,34.4,NA,NA
"199","diet","JS0076","bfm3",201.2,NA,NA,33.8,NA,NA
"200","diet","JS0076","diet con",204.1,NA,NA,35.7,NA,NA
"201","diet","JS0079.1","con",210,NA,NA,NA,NA,NA
"202","diet","JS0079.1","sdbm1",214.4,NA,NA,NA,NA,NA
"203","diet","JS0079.1","sdbm2",216.2,NA,NA,NA,NA,NA
"204","diet","JS0079.1","sdbm3",218.9,NA,NA,NA,NA,NA
"205","diet","JS0079.2","con",17.12,NA,13.64,NA,NA,NA
"206","diet","JS0079.2","sdbm1",17,NA,13.73,NA,NA,NA
"207","diet","JS0079.2","sdbm2",17.31,NA,13.86,NA,NA,NA
"208","diet","JS0079.2","sdbm3",17.65,NA,13.91,NA,NA,NA
"209","diet","JS0080","25 sdbm",219.8,NA,NA,38.9,NA,NA
"210","diet","JS0080","50 sdbm",219.3,NA,NA,37.3,NA,NA
"211","diet","JS0080","75 sdbm",219.3,NA,NA,35.9,NA,NA
"212","diet","JS0080","no sdbm",217.54,NA,NA,40.1,NA,NA
"213","diet","JS0081","t1 55% maize",167,NA,46,28.8,NA,NA
"214","diet","JS0081","t2 45% maize",166,NA,47,35.7,NA,NA
"215","diet","JS0081","t3 35% maize",162,NA,50,41.2,NA,NA
"216","diet","JS0093","diet con",210,NA,NA,56,NA,NA
"217","diet","JS0093","pkc1",212,NA,NA,57,NA,NA
"218","diet","JS0093","pkc2",212,NA,NA,58,NA,NA
"219","diet","JS0093","pkc3",212,NA,NA,59,NA,NA
"220","diet","JS0093","pkc4",212,NA,NA,59,NA,NA
"221","diet","JS0093","pkc5",212,NA,NA,61,NA,NA
"222","diet","JS0094.2","con experiment2",152.4,NA,NA,42.4,NA,NA
"223","diet","JS0095","100% straw",35.9,NA,73.9,4.3,15.98288,NA
"224","diet","JS0095","50% straw + 40% molasses + 10% dpm",54.1,NA,88.5,3,14.35112,NA
"225","diet","JS0095","60% straw + 40% molasses",40.2,NA,62.4,2.5,14.8532,NA
"226","diet","JS0112","dy0",311.8,NA,87.2,57.9,17.4276152,NA
"227","diet","JS0112","dy1",311.8,NA,87.8,57.4,17.4217576,NA
"228","diet","JS0112","dy2",311.8,NA,88.1,57.1,17.4184104,NA
"229","diet","JS0112","dy3",311.8,NA,88.6,56.8,17.4150632,NA
"230","diet","JS0118","jatropha sm 2",155.9,NA,74.3,66.6,NA,NA
"231","diet","JS0118","jatropha sm 3",156.2,NA,85.7,67.1,NA,NA
"232","diet","JS0123","diet con",167.9,NA,46.3,33.2,NA,NA
"233","diet","JS0123","jcsm1",165.4,NA,47.6,32.5,NA,NA
"234","diet","JS0123","jcsm2",164.8,NA,46.2,33.4,NA,NA
"235","diet","JS0123","jcsm3",162.3,NA,46.7,34.2,NA,NA
"236","diet","JS0123","jcsm4",163.5,NA,48.5,38.2,NA,NA
"237","diet","JS0125","100% pbm",359.4,NA,97.2,NA,NA,NA
"238","diet","JS0125","20% pbm",366.3,NA,80.3,NA,NA,NA
"239","diet","JS0125","40% pbm",356,NA,79.6,NA,NA,NA
"240","diet","JS0125","60% pbm",362.5,NA,86.9,NA,NA,NA
"241","diet","JS0125","80% pbm",359.2,NA,89.3,NA,NA,NA
"242","diet","JS0125","control",349.8,NA,73.5,NA,NA,NA
"243","diet","JS0134","con",318.4,NA,72,NA,187.4,NA
"244","diet","JS0134","okara1",318.1,NA,66,NA,188.1,NA
"245","diet","JS0134","okara2",317.9,NA,61,NA,184.9,NA
"246","diet","JS0134","okara3",317.7,NA,56,NA,182.1,NA
"247","diet","JS0134","okara4",317.5,NA,51,NA,180.9,NA
"248","diet","JS0135","csm0",318.2,NA,61.1,NA,NA,NA
"249","diet","JS0135","csm100",317.3,NA,65.1,NA,NA,NA
"250","diet","JS0135","csm25",317.8,NA,60.3,NA,NA,NA
"251","diet","JS0135","csm50",317.6,NA,66.1,NA,NA,NA
"252","diet","JS0135","csm75",317.5,NA,63.7,NA,NA,NA
"253","diet","JS0139","fm sb substitution2",253,NA,95.3,68.7,0.01844,NA
"254","diet","JS0139","fm sb substitution3",308,NA,109.2,65.2,0.01845,NA
"255","diet","JS0139","fm sb substitution4",352,NA,123,61.6,0.0184,NA
"256","diet","JS0147","diet con",147,NA,73,44,NA,NA
"257","diet","JS0147","gm1 b",212,NA,62,35,NA,NA
"258","diet","JS0147","gm2 c",206,NA,74,46,NA,NA
"259","diet","JS0147","gm3 d",229,NA,69,40,NA,NA
"260","diet","JS0147","gm4 e",162,NA,73,56,NA,NA
"261","diet","JS0206","llm",NA,NA,NA,NA,NA,NA
"262","diet","JS0206","nlm",NA,NA,NA,NA,NA,NA
"263","diet","JS0206","plm",NA,NA,NA,NA,NA,NA
"264","diet","JS0289.1","teff + 150 g wheat offal",NA,NA,NA,NA,NA,NA
"265","diet","JS0289.1","teff + 200 g l. pallida",NA,NA,NA,NA,NA,NA
"266","diet","JS0289.1","teff + 200g s. sesban",NA,NA,NA,NA,NA,NA
"267","diet","JS0289.1","teff + 400 g l. pallida",NA,NA,NA,NA,NA,NA
"268","diet","JS0289.1","teff + 400 g s. sesban",NA,NA,NA,NA,NA,NA
"269","diet","JS0289.2","teff + 150 g wheat offal",NA,NA,NA,NA,NA,NA
"270","diet","JS0289.2","teff + 200 g l. pallida",NA,NA,NA,NA,NA,NA
"271","diet","JS0289.2","teff + 200g s. sesban",NA,NA,NA,NA,NA,NA
"272","diet","JS0289.2","teff + 400 g l. pallida",NA,NA,NA,NA,NA,NA
"273","diet","JS0289.2","teff + 400 g s. sesban",NA,NA,NA,NA,NA,NA
"274","diet","JS0293","d1 100% fsf",182,NA,66.8,71.5,NA,NA
"275","diet","JS0293","d2 67% fsf",183,NA,65.6,70.4,NA,NA
"276","diet","JS0293","d3 33% fsf",184,NA,62.7,69.1,NA,NA
"277","diet","JS0293","d4 0% fsf",185,NA,59.6,68.1,NA,NA
"278","diet","JS0296","con",352.2,NA,73,NA,NA,NA
"279","diet","JS0296","maize g 1",357.2,NA,61.6,NA,NA,NA
"280","diet","JS0296","maize g 2",354.6,NA,49.5,NA,NA,NA
"281","diet","JS0296","maize g 3",349.6,NA,39,NA,NA,NA
"282","diet","JS0299","control diet bundle 1",160.3,NA,50.6,NA,15.85,NA
"283","diet","JS0301","100% ftl",57.11,NA,NA,NA,NA,NA
"284","diet","JS0301","25% ftl",57.49,NA,NA,NA,NA,NA
"285","diet","JS0301","50% ftl",57.36,NA,NA,NA,NA,NA
"286","diet","JS0301","75% ftl",57.23,NA,NA,NA,NA,NA
"287","diet","JS0301","no ftl",57.62,NA,NA,NA,NA,NA
"288","diet","JS0305","con maize",117,NA,NA,20.6,NA,NA
"289","diet","JS0305","sugar bp 1",117,NA,NA,18.9,NA,NA
"290","diet","JS0305","sugar bp 2",117,NA,NA,15.4,NA,NA
"291","diet","JS0305","sugar bp 3",117,NA,NA,12.9,NA,NA
"292","diet","JS0306","0% moc",138.8,285.75,NA,NA,NA,NA
"293","diet","JS0306","10% moc",138.6,359.58,NA,NA,NA,NA
"294","diet","JS0306","5% moc",138.5,325.72,NA,NA,NA,NA
"295","diet","JS0344","con",14,320,NA,37,NA,NA
"296","diet","JS0349","control diet",136,NA,NA,NA,NA,NA
"297","diet","JS0349","rosemary leaves diet",136,NA,NA,NA,NA,NA
"298","diet","JS0371","control",89.5,NA,18.5,49.5,NA,NA
"299","diet","JS0371","jatropha 12",129.4,NA,30.9,63.4,NA,NA
"300","diet","JS0371","jatropha 4",103.6,NA,22.5,54.1,NA,NA
"301","diet","JS0371","jatropha 8",113.7,NA,27,50,NA,NA
"302","diet","JS0423","d no phosphorus",401,NA,41.3,NA,NA,NA
"303","diet","JS0423","d1 0.1 % phosphorus",401,NA,41.5,NA,NA,NA
"304","diet","JS0423","d10 1% phosphorus",402,NA,40.8,NA,NA,NA
"305","diet","JS0423","d2 0.2% phosphorus",400,NA,42.1,NA,NA,NA
"306","diet","JS0423","d3 0.3% phosphorus",401,NA,42.6,NA,NA,NA
"307","diet","JS0423","d4 0.4% phosphorus",401,NA,43.5,NA,NA,NA
"308","diet","JS0423","d5 0.5% phosphorus",401,NA,44.1,NA,NA,NA
"309","diet","JS0423","d6 0.6% phosphorus",400,NA,41.8,NA,NA,NA
"310","diet","JS0423","d7 0.7% phosphorus",400,NA,41.3,NA,NA,NA
"311","diet","JS0423","d8 0.8% phosphorus",403,NA,41.6,NA,NA,NA
"312","diet","JS0423","d9 0.9% phosphorus",400,NA,42.3,NA,NA,NA
"313","diet","LM0016","con diet1",194.4,NA,NA,31.4,NA,NA
"314","diet","LM0016","diet2",192.5,NA,NA,46.3,NA,NA
"315","diet","LM0016","diet3",191,NA,NA,51,NA,NA
"316","diet","LM0016","diet4",188.4,NA,NA,57.2,NA,NA
"317","diet","LM0047","csm2",218,NA,73.1,66.8,NA,NA
"318","diet","LM0047","csm3",216.2,NA,68.6,70.2,NA,NA
"319","diet","LM0047","gnc1",222.9,NA,70.9,60.9,NA,NA
"320","diet","LM0048","sbm",165.6,NA,40.4,56.3,NA,NA
"321","diet","LM0100","diet con",240.3,NA,21.9,43.6,NA,NA
"322","diet","LM0100","diet ghp 1",241.1,NA,23.1,59.9,NA,NA
"323","diet","LM0100","diet ghp 2",241.8,NA,25,56.2,NA,NA
"324","diet","LM0100","diet ghp 3",242.5,NA,27,52.5,NA,NA
"325","diet","LM0100","diet ghp 4",240.3,NA,29,68.9,NA,NA
"326","diet","LM0104","15% a. sieberiana",NA,NA,187,60,NA,NA
"327","diet","LM0104","30% a. sieberiana",NA,NA,180,55,NA,NA
"328","diet","LM0104","45% a. sieberiana",NA,NA,135,35,NA,NA
"329","diet","LM0104","60% a. sieberiana",NA,NA,134,33,NA,NA
"330","diet","LM0113.1","1",173.7,NA,55.3,41.3,NA,NA
"331","diet","LM0113.1","2",174.2,NA,56.5,37.5,NA,NA
"332","diet","LM0113.1","3",178.2,NA,57.5,32,NA,NA
"333","diet","LM0113.1","4",181.8,NA,55.4,29.3,NA,NA
"334","diet","LM0113.2","1",167.3,NA,60.8,46.6,NA,NA
"335","diet","LM0113.2","2",167.3,NA,57.5,53.7,NA,NA
"336","diet","LM0113.2","3",171.4,NA,57,58.5,NA,NA
"337","diet","LM0113.2","4",159.7,NA,55.4,67.6,NA,NA
"338","diet","LM0114","bundle 1 0 ws",189,326,NA,NA,NA,NA
"339","diet","LM0114","bundle 1 6.5 ws",185,355,NA,NA,NA,NA
"340","diet","LM0115","diet 2",137,NA,NA,NA,NA,NA
"341","diet","LM0115","diet 3",133,NA,NA,NA,NA,NA
"342","diet","LM0115","diet 4",138,NA,NA,NA,NA,NA
"343","diet","LM0115","diet con",135,NA,NA,NA,NA,NA
"344","diet","LM0117.3","group 1",354,NA,NA,NA,NA,NA
"345","diet","LM0117.3","group 2",295,NA,NA,NA,NA,NA
"346","diet","LM0117.3","group 3",286,NA,NA,NA,NA,NA
"347","diet","LM0120","cabbage diet",116.7,NA,60.6,NA,16.09,NA
"348","diet","LM0120","duckweed diet",274.2,NA,122.6,NA,16.43,NA
"349","diet","LM0120","kikuyu grass diet",264,NA,124.9,NA,17.99,NA
"350","diet","LM0120","vallisneria diet",127.9,NA,138.4,NA,14.74,NA
"351","diet","LM0121","diet 0",175.7,NA,NA,NA,NA,NA
"352","diet","LM0121","diet 20",171.1,NA,NA,NA,NA,NA
"353","diet","LM0121","diet 40",168.7,NA,NA,NA,NA,NA
"354","diet","LM0121","diet 60",162.4,NA,NA,NA,NA,NA
"355","diet","LM0121","diet 80",157.2,NA,NA,NA,NA,NA
"356","diet","LM0122","mix diet",371,NA,NA,NA,19.48,NA
"357","diet","LM0122","soy-1 diet",383,NA,NA,NA,20,NA
"358","diet","LM0122","soy-2 diet",364,NA,NA,NA,19.99,NA
"359","diet","LM0122","tomato diet",364,NA,NA,NA,21.28,NA
"360","diet","LM0122","yeast diet",342,NA,NA,NA,19.85,NA
"361","diet","LM0123","2",127.9,241,84,NA,NA,NA
"362","diet","LM0123","4",123.4,228,92,NA,NA,NA
"363","diet","LM0128","h300d12",NA,NA,NA,NA,NA,NA
"364","diet","LM0128","h300d6",NA,NA,NA,NA,NA,NA
"365","diet","LM0129","hps con bundle2",NA,NA,NA,NA,NA,NA
"366","diet","LM0129","hps bundle1",NA,NA,NA,NA,NA,NA
"367","diet","LM0129","hps+fm bundle1",NA,NA,NA,NA,NA,NA
"368","diet","LM0129","hps+fm bundle2",NA,NA,NA,NA,NA,NA
"369","diet","LM0129","mp+fm con bundle1",NA,NA,NA,NA,NA,NA
"370","diet","LM0129","mp+hps bundle1",NA,NA,NA,NA,NA,NA
"371","diet","LM0129","mp+hps bundle2",NA,NA,NA,NA,NA,NA
"372","diet","LM0136.1","14% crude protein",140,NA,NA,NA,NA,NA
"373","diet","LM0136.1","16% crude protein",160,NA,NA,NA,NA,NA
"374","diet","LM0136.1","18% crude protein",180,NA,NA,NA,NA,NA
"375","diet","LM0136.1","20% crude protein",200,NA,NA,NA,NA,NA
"376","diet","LM0136.2","14% crude protein",135,NA,NA,NA,NA,NA
"377","diet","LM0136.2","16% crude protein",156,NA,NA,NA,NA,NA
"378","diet","LM0136.2","18% crude protein",176,NA,NA,NA,NA,NA
"379","diet","LM0136.2","20% crude protein",196,NA,NA,NA,NA,NA
"380","diet","LM0138","hatchery waste meal1",245.9,NA,70.4,22.2,NA,NA
"381","diet","LM0138","hatchery waste meal2",251.6,NA,69.2,25.8,NA,NA
"382","diet","LM0138","hatchery waste meal3",250.9,NA,64,30.6,NA,NA
"383","diet","LM0139","360g/kg of opuntia ficus-indica",177,313,NA,22,15.5,NA
"384","diet","LM0163","mt d1",NA,NA,NA,NA,NA,NA
"385","diet","LM0163","mt d2",NA,NA,NA,NA,NA,NA
"386","diet","LM0163","mt d3",NA,NA,NA,NA,NA,NA
"387","diet","LM0163","mt d4",NA,NA,NA,NA,NA,NA
"388","diet","LM0266","nilotica3",135,227,35,17,NA,NA
"389","diet","LM0280","cc diet",175,256,54,NA,NA,NA
"390","diet","LM0312","con",331.6,NA,75.4,NA,NA,NA
"391","diet","LM0312","mbm1",335.4,NA,69.6,NA,NA,NA
"392","diet","LM0312","mbm2",324.8,NA,72.7,NA,NA,NA
"393","diet","LM0312","mbm3",343.4,NA,70.4,NA,NA,NA
"394","diet","LM0320","d 10",96.1,NA,91.3,NA,NA,NA
"395","diet","LM0320","d 20",94.9,NA,89.8,NA,NA,NA
"396","diet","LM0320","d 30",94.9,NA,94.7,NA,NA,NA
"397","diet","LM0320","d con",96.3,NA,87.3,NA,NA,NA
"398","diet","LM0334","control",300.3,NA,NA,NA,20.21,NA
"399","diet","LM0334","km100",300.7,NA,NA,NA,20.47,NA
"400","diet","LM0334","km25",298.7,NA,NA,NA,20.34,NA
"401","diet","LM0334","km50",299.6,NA,NA,NA,20.48,NA
"402","diet","LM0334","km75",297.1,NA,NA,NA,20.53,NA
"403","diet","LM0334","mm100",303.8,NA,NA,NA,20.36,NA
"404","diet","LM0334","mm25",298.4,NA,NA,NA,20.58,NA
"405","diet","LM0334","mm50",299.8,NA,NA,NA,20.42,NA
"406","diet","LM0334","mm75",304.8,NA,NA,NA,20.26,NA
"407","diet","LM0336","cm100",160,222,71.6,NA,NA,NA
"408","diet","LM0339","20% silage",159,242,NA,32.8,NA,NA
"409","diet","LM0339","50% silage",154.5,316.7,NA,31.2,NA,NA
"410","diet","LM0339","70% silage",153.3,341.8,NA,36.8,NA,NA
"411","diet","LM0347","dbl0",162,NA,NA,NA,NA,NA
"412","diet","LM0347","dbl100",161,NA,NA,NA,NA,NA
"413","diet","LM0347","dbl150",162,NA,NA,NA,NA,NA
"414","diet","LM0347","dbl200",162,NA,NA,NA,NA,NA
"415","diet","LM0347","dbl50",159,NA,NA,NA,NA,NA
"416","diet","LM0349","cact-aa",NA,295,109,NA,NA,NA
"417","diet","LM0349","cact-ll",NA,339,96,NA,NA,NA
"418","diet","LM0349","cact-ma",NA,248,107,NA,NA,NA
"419","diet","LM0349","commercial sheep meal diet",140,NA,NA,NA,NA,NA
"420","diet","LM0354","0% bys",345,NA,91.8,NA,NA,NA
"421","diet","LM0354","100% bys",378.3,NA,98.9,NA,NA,NA
"422","diet","LM0354","25% bys",353,NA,93.6,NA,NA,NA
"423","diet","LM0354","50% bys",362.3,NA,95.1,NA,NA,NA
"424","diet","LM0354","75% bys",370.7,NA,97.4,NA,NA,NA
"425","diet","NJ0032","sb-0",159,232,36,46,NA,NA
"426","diet","NJ0032","sb-10",158,242,64,49,NA,NA
"427","diet","NJ0032","sb-15",157,252,67,48,NA,NA
"428","diet","NJ0032","sb-20",164,253,73,46,NA,NA
"429","diet","NJ0047","t1",193.8,NA,158.4,52.5,NA,NA
"430","diet","NJ0047","t2",196.8,NA,187,54.5,NA,NA
"431","diet","NJ0047","t3",196.8,NA,191.1,31.5,NA,NA
"432","diet","NJ0047","t4",198.4,NA,195.2,39,NA,NA
"433","diet","NN0005","0 m",153,272,NA,NA,NA,NA
"434","diet","NN0005","20 m",153,231,NA,NA,NA,NA
"435","diet","NN0085","u0",286.4,NA,67.2,NA,16.12,NA
"436","diet","NN0085","u1",281.3,NA,79.8,NA,15.37,NA
"437","diet","NN0085","u2",278.3,NA,114.2,NA,14.77,NA
"438","diet","NN0085","u3",271.4,NA,118.8,NA,14.57,NA
"439","diet","NN0098","a 0 con",364,NA,102,NA,18.96,NA
"440","diet","NN0098","a 10",362.7,NA,120,NA,19.28,NA
"441","diet","NN0098","a 20",356.1,NA,133,NA,19.54,NA
"442","diet","NN0098","a 30",352.2,NA,154.4,NA,19.72,NA
"443","diet","NN0101","b",210,245,NA,NA,NA,NA
"444","diet","NN0101","b-peg",210,235,NA,NA,NA,NA
"445","diet","NN0106","b0",151.5,NA,85.6,NA,13.13776,NA
"446","diet","NN0106","b1",144.8,NA,93.1,NA,12.552,NA
"447","diet","NN0106","b2",143,NA,96.6,NA,12.3428,NA
"448","diet","NN0106","b3",141.7,NA,98,NA,12.21728,NA
"449","diet","NN0106","b4",140.5,NA,104,NA,11.9244,NA
"450","diet","NN0109.1","c-0",378.4,NA,29.5,NA,18.3,NA
"451","diet","NN0109.1","c-15",377.6,NA,36.4,NA,18.4,NA
"452","diet","NN0109.1","c-30",376.8,NA,42.3,NA,18.6,NA
"453","diet","NN0109.1","c-45",374.9,NA,59.1,NA,18.7,NA
"454","diet","NN0109.2","p-25",257.2,NA,58.9,NA,18.5,NA
"455","diet","NN0109.2","p-30",377.6,NA,36.4,NA,18.4,NA
"456","diet","NN0109.2","p-35",376.8,NA,42.3,NA,18.6,NA
"457","diet","NN0109.2","p-40",374.9,NA,59.1,NA,18.7,NA
"458","diet","NN0110.1","fm",398,NA,NA,NA,17.56,NA
"459","diet","NN0110.1","s80",395,NA,NA,NA,17.64,NA
"460","diet","NN0110.1","w20",390,NA,NA,NA,17.6,NA
"461","diet","NN0110.1","w40",394,NA,NA,NA,17.61,NA
"462","diet","NN0110.1","w60",392,NA,NA,NA,17.63,NA
"463","diet","NN0110.1","w80",396,NA,NA,NA,17.66,NA
"464","diet","NN0110.2","diet 1",407,NA,NA,NA,NA,NA
"465","diet","NN0110.2","diet 2",405,NA,NA,NA,NA,NA
"466","diet","NN0110.2","diet 3",404,NA,NA,NA,NA,NA
"467","diet","NN0110.2","diet 4",408,NA,NA,NA,NA,NA
"468","diet","NN0110.2","diet 5",407,NA,NA,NA,NA,NA
"469","diet","NN0112","rq 20",399.2,NA,109.3,NA,18.41,NA
"470","diet","NN0112","rq 40",395.9,NA,110.9,NA,18.28,NA
"471","diet","NN0112","rq 60",398.4,NA,112.6,NA,18.12,NA
"472","diet","NN0112","sb 60",397.5,NA,107.5,NA,18.6,NA
"473","diet","NN0113","t1",372.1,NA,34.2,NA,18.813356,NA
"474","diet","NN0113","t2",369.8,NA,39.5,NA,NA,NA
"475","diet","NN0113","t3",368.8,NA,40.8,NA,NA,NA
"476","diet","NN0113","t4",368.4,NA,43.1,NA,18.8317656,NA
"477","diet","NN0114","ctr",406,NA,93.5,NA,NA,NA
"478","diet","NN0114","rsf15",404.7,NA,87.1,NA,NA,NA
"479","diet","NN0114","rsf30",402.8,NA,88,NA,NA,NA
"480","diet","NN0114","rsf45",401.8,NA,90.4,NA,NA,NA
"481","diet","NN0114","rsm15",404.8,NA,89.1,NA,NA,NA
"482","diet","NN0114","rsm30",404.2,NA,88.1,NA,NA,NA
"483","diet","NN0114","rsm45",402.4,NA,85.1,NA,NA,NA
"484","diet","NN0115","fm",428.9,NA,85,NA,18.4,NA
"485","diet","NN0115","sf25",429.1,NA,78.4,NA,18.3,NA
"486","diet","NN0115","sf50",430.2,NA,70.3,NA,18.6,NA
"487","diet","NN0115","sf75",430.7,NA,62.7,NA,18.9,NA
"488","diet","NN0115","sf75 + m",431.2,NA,62.3,NA,18.7,NA
"489","diet","NN0117","con 0 pom",399,NA,118,NA,NA,NA
"490","diet","NN0117","pom 30%",398,NA,119,NA,NA,NA
"491","diet","NN0117","pom 60%",402,NA,126,NA,NA,NA
"492","diet","NN0117","pom 90%",400,NA,112,NA,NA,NA
"493","diet","NN0119.1","1",161,NA,NA,52,NA,NA
"494","diet","NN0119.1","2",162,NA,NA,53,NA,NA
"495","diet","NN0119.1","3",160,NA,NA,53,NA,NA
"496","diet","NN0119.1","4",161,NA,NA,54,NA,NA
"497","diet","NN0119.2","diet 2 with 10% tolm",NA,NA,NA,64.1,19.33008,NA
"498","diet","NN0119.2","diet 3 with 15% tolm",NA,NA,NA,64,19.33008,NA
"499","diet","NN0119.2","diet 4 with 20% tolm",NA,NA,NA,67.1,19.33008,NA
"500","diet","NN0119.2","diet 5 with 25% tolm",NA,NA,NA,70.2,19.33008,NA
"501","diet","NN0135","30% cassava-s",31.5,NA,14.4,3.4,NA,NA
"502","diet","NN0135","30% cassava-u",173.3,NA,71.3,36.1,NA,NA
"503","diet","NN0135","con 30% maize-based",182,NA,65.7,46.7,NA,NA
"504","diet","NN0137.1","dgsm 0",221,NA,NA,NA,NA,NA
"505","diet","NN0137.3","control",221,NA,NA,NA,NA,NA
"506","diet","NN0137.3","dgsm 1.5 finisher",197,NA,NA,NA,NA,NA
"507","diet","NN0137.3","dgsm 1.5 grower",217,NA,NA,NA,NA,NA
"508","diet","NN0137.4","dgsm 0",212,NA,NA,NA,NA,NA
"509","diet","NN0137.4","dgsm 2",211,NA,NA,NA,NA,NA
"510","diet","NN0137.4","dgsm 4",210,NA,NA,NA,NA,NA
"511","diet","NN0137.4","dgsm 6",209,NA,NA,NA,NA,NA
"512","diet","NN0156","meal",182,NA,63,28,NA,NA
"513","diet","NN0156","whole-grain",182,NA,63,28,NA,NA
"514","diet","NN0180.1","pw 0",155,290,NA,38,16.5,NA
"515","diet","NN0180.1","pw 100",177,351,NA,54,16.2,NA
"516","diet","NN0180.1","pw 25",167,308,NA,43,16.6,NA
"517","diet","NN0180.1","pw 50",169,312,NA,45,16.1,NA
"518","diet","NN0180.1","pw 75",172,318,NA,49,15.9,NA
"519","diet","NN0180.2","control",126,NA,NA,NA,15.71,NA
"520","diet","NN0180.2","db",134,NA,NA,6.8,15.21,NA
"521","diet","NN0180.2","db + phs",106,NA,NA,NA,14.79,NA
"522","diet","NN0196","a. angustissima 15132",278.7,338.2,68.7,NA,NA,NA
"523","diet","NN0196","l. pallida 14203",216.2,298.2,88.8,NA,NA,NA
"524","diet","NN0196","ss 1198 + aa 15132",233.1,246.2,106,NA,NA,NA
"525","diet","NN0196","ss 1198 + lp 14203",230,244.9,103.4,NA,NA,NA
"526","diet","NN0196","ss 15019 + aa 15132",222.5,237.5,102,NA,NA,NA
"527","diet","NN0196","ss 15019 + lp 14203",218.1,236.8,102.2,NA,NA,NA
"528","diet","NN0198","con t1",190,NA,93,65.9,NA,NA
"529","diet","NN0198","mlm t2",187,NA,96,57.7,NA,NA
"530","diet","NN0198","mlm t3",189,NA,102,56.3,NA,NA
"531","diet","NN0198","mlm t4",185,NA,105,53.8,NA,NA
"532","diet","NN0198","mlm t5",186,NA,106,51,NA,NA
"533","diet","NN0204","treated low",NA,358,NA,NA,NA,NA
"534","diet","NN0204","treated med",NA,359,NA,NA,NA,NA
"535","diet","NN0204","untreated high",NA,336,NA,NA,NA,NA
"536","diet","NN0204","untreated low",NA,359,NA,NA,NA,NA
"537","diet","NN0204","untreated med",NA,352,NA,NA,NA,NA
"538","diet","NN0224","maize i hay 0",NA,NA,NA,NA,NA,NA
"539","diet","NN0224","maize i hay 150",NA,NA,NA,NA,NA,NA
"540","diet","NN0224","maize i hay 300",NA,NA,NA,NA,NA,NA
"541","diet","NN0224","maize i hay 450",NA,NA,NA,NA,NA,NA
"542","diet","NN0224","maize ii hay 0",NA,NA,NA,NA,NA,NA
"543","diet","NN0224","maize ii hay 150",NA,NA,NA,NA,NA,NA
"544","diet","NN0224","maize ii hay 300",NA,NA,NA,NA,NA,NA
"545","diet","NN0224","maize ii hay 450",NA,NA,NA,NA,NA,NA
"546","diet","NN0224","maize iii hay 0",NA,NA,NA,NA,NA,NA
"547","diet","NN0224","maize iii hay 150",NA,NA,NA,NA,NA,NA
"548","diet","NN0224","maize iii hay 300",NA,NA,NA,NA,NA,NA
"549","diet","NN0224","maize iii hay 450",NA,NA,NA,NA,NA,NA
"550","diet","NN0276.2","leucana leaves t2",NA,319,91.3,14.1,NA,NA
"551","diet","NN0280.1","ml 1",NA,NA,NA,NA,NA,NA
"552","diet","NN0280.1","ml 2",NA,NA,NA,NA,NA,NA
"553","diet","NN0280.1","ml 3",NA,NA,NA,NA,NA,NA
"554","diet","NN0280.1","ml 4",NA,NA,NA,NA,NA,NA
"555","diet","NN0280.1","ov 1",NA,NA,NA,NA,NA,NA
"556","diet","NN0280.1","ov 2",NA,NA,NA,NA,NA,NA
"557","diet","NN0280.1","ov 3",NA,NA,NA,NA,NA,NA
"558","diet","NN0280.1","ov 4",NA,NA,NA,NA,NA,NA
"559","diet","NN0282","maize offal t1",179,NA,75,26,NA,NA
"560","diet","NN0282","wheat offal t2",202,NA,103,12,NA,NA
"561","diet","NN0282","whole maize t3",153,NA,109,54,NA,NA
"562","diet","NN0299","control",178,288.6,40.5,40.8,NA,NA
"563","diet","NN0299","t1",180,281.2,40.7,47.5,NA,NA
"564","diet","NN0299","t2",180,281.1,40.9,58.5,NA,NA
"565","diet","NN0299","t3",179,281.1,40.9,60.1,NA,NA
"566","diet","NN0315","c2",142,NA,NA,NA,NA,NA
"567","diet","NN0315","gs2",139,NA,NA,NA,NA,NA
"568","diet","NN0315","l2",141,NA,NA,NA,NA,NA
"569","diet","NN0315","m2",138,NA,NA,NA,NA,NA
"570","diet","NN0315","pl2",140,NA,NA,NA,NA,NA
"571","diet","NN0318","control",190.4,NA,NA,NA,NA,NA
"572","diet","NN0318","high glycerol",200.1,NA,NA,NA,NA,NA
"573","diet","NN0318","low glycerol",190.1,NA,NA,NA,NA,NA
"574","diet","NN0325","0.5 pumpkin leaf",413,NA,53.5,NA,NA,NA
"575","diet","NN0325","1 pumpkin leaf",413,NA,53.5,NA,NA,NA
"576","diet","NN0325","1.5 pumpkin leaf",413,NA,53.5,NA,NA,NA
"577","diet","NN0325","2 pumpkin leaf",413,NA,53.5,NA,NA,NA
"578","diet","NN0325","control",413,NA,53.5,NA,19.4556,NA
"579","diet","NN0326","d2",401.5,NA,80,NA,NA,NA
"580","diet","NN0326","d3",402.2,NA,80,NA,NA,NA
"581","diet","NN0326","d4",403.7,NA,80,NA,NA,NA
"582","diet","NN0326","d5",401.8,NA,80,NA,NA,NA
"583","diet","NN0331","t1 a",394.2,NA,122.9,NA,NA,NA
"584","diet","NN0331","t2 b",400.9,NA,128.9,NA,NA,NA
"585","diet","NN0331","t3 c",411.2,NA,126,NA,NA,NA
"586","diet","NN0331","t4 d",412,NA,114.6,NA,NA,NA
"587","diet","NN0331","t5 e",409.7,NA,110.5,NA,NA,NA
"588","diet","NN0339.1","nc con",406,NA,83,NA,16.8,NA
"589","diet","NN0339.2","commercial high constant",404,NA,82,NA,18.5,NA
"590","diet","NN0339.2","commercial low constant",395,NA,84,NA,18.4,NA
"591","diet","NN0339.2","control",389,NA,79,NA,NA,NA
"592","diet","NN0339.2","trout silage high constant",405,NA,80,NA,18.4,NA
"593","diet","NN0339.2","trout silage low constant",392,NA,79,NA,18.3,NA
"594","diet","NN0341","c",462,NA,115,NA,NA,NA
"595","diet","NN0341","hch",470,NA,115,NA,NA,NA
"596","diet","NN0341","hcl",474,NA,116,NA,NA,NA
"597","diet","NN0341","hph",466,NA,116,NA,NA,NA
"598","diet","NN0341","hpl",474,NA,112,NA,NA,NA
"599","diet","NN0341","sh",472,NA,109,NA,NA,NA
"600","diet","NN0341","sl",471,NA,112,NA,NA,NA
"601","diet","NN0342","c",450,NA,NA,NA,NA,NA
"602","diet","NN0342","so",452,NA,NA,NA,NA,NA
"603","diet","NN0357","control diet",192,228,69,NA,18.63972,NA
"604","diet","NN0357","diet 3",212,359,131,NA,17.710872,NA
"605","diet","NN0358","lfjsm 25",308.3,NA,65.1,69.1,18.27,NA
"606","diet","NN0358","lfjsm 50",304.2,NA,65.1,63.7,18.11,NA
"607","diet","NN0358","lfjsm 75",300.3,NA,66.2,57.5,17.91,NA
"608","diet","NN0358","pfjsm 25",308.4,NA,60.4,69.3,18.4,NA
"609","diet","NN0358","pfjsm 50",304.4,NA,66,63.9,18.11,NA
"610","diet","NN0358","pfjsm 75",300.4,NA,67,57.6,17.9,NA
"611","diet","NN0359","cwc 10",326,NA,84,NA,NA,NA
"612","diet","NN0359","cwc 20",328,NA,87,NA,NA,NA
"613","diet","NN0359","cwc 30",323,NA,82,NA,NA,NA
"614","diet","NN0359","cwc 40",330,NA,85,NA,NA,NA
"615","diet","NN0359","control",329,NA,83,NA,NA,NA
"616","diet","NN0361","control",149,339,NA,60,NA,NA
"617","diet","NN0361","fresh",152,347,NA,48,NA,NA
"618","diet","NN0361","hay",153,349,NA,48,NA,NA
"619","diet","NN0361","silage",147,345,NA,48,NA,NA
"620","diet","NN0362","m0",146.9,337.5,NA,62,NA,NA
"621","diet","NN0362","m10",145.1,343.3,NA,54.7,NA,NA
"622","diet","NN0362","m15",144.2,346.2,NA,51.1,NA,NA
"623","diet","NN0362","m20",143.3,349,NA,47.5,NA,NA
"624","diet","NN0367","diet1 con",320.8,NA,73.3,NA,182.1,NA
"625","diet","NN0367","diet2cur50",320.8,NA,73.3,NA,182.1,NA
"626","diet","NN0367","diet3cur100",320.8,NA,73.3,NA,182.1,NA
"627","diet","NN0367","diet4cur150",320.8,NA,73.3,NA,182.1,NA
"628","diet","NN0367","diet5cur200",320.8,NA,73.3,NA,182.1,NA
"629","diet","NN0368","me10",NA,NA,NA,NA,NA,NA
"630","diet","NN0368","me20",NA,NA,NA,NA,NA,NA
"631","diet","NN0368","me40",NA,NA,NA,NA,NA,NA
"632","diet","NN0369","d-100",293.9,NA,57.1,67.5,19.59,NA
"633","diet","NN0369","d-50",296,NA,58.6,70,19.62,NA
"634","diet","NN0369","d-75",295,NA,58.2,67.9,19.58,NA
"635","diet","NN0370","con",156,266,NA,49,NA,NA
"636","diet","NN0370","urea1",158,265,NA,43,NA,NA
"637","diet","NN0370","urea2",155,266,NA,43,NA,NA
"638","diet","NN0380","d2",231.2,NA,95,NA,NA,NA
"639","diet","NN0380","d3",228.5,NA,5,NA,NA,NA
"640","diet","NN0380","d4",229.1,NA,115,NA,NA,NA
"641","diet","NN0380","d5",231,NA,155,NA,NA,NA
"642","diet","NN0383","0 percent",29.9,NA,6.5,NA,1734.4,NA
"643","diet","NN0383","1 percent",29.9,NA,6.3,NA,1740.9,NA
"644","diet","NN0383","2 percent",29.9,NA,6.4,NA,1729,NA
"645","diet","NN0383","3 percent",29.9,NA,6.5,NA,1735.8,NA
"646","diet","NN0384","1% inclusion",289,NA,62,NA,1731,NA
"647","diet","NN0384","2% inclusion",289,NA,61,NA,1722.5,NA
"648","diet","NN0384","5% inclusion",289,NA,61,NA,1721.8,NA
"649","diet","NN0384","control",289,NA,62,NA,1725.9,NA
"650","diet","NN0399","napier grass",85,NA,147,NA,NA,NA
"651","diet","NN0400","100% bsg",266,NA,39.5,14.5,NA,NA
"652","diet","NN0400","25% bsg",168,NA,65,30.6,NA,NA
"653","diet","NN0400","50% bsg",200,NA,57.9,25.3,NA,NA
"654","diet","NN0400","75% bsg",234,NA,48.7,19.9,NA,NA
"655","diet","NN0400","control diet",134,NA,76.2,36,NA,NA
"656","diet","BO1009","diet 3",136.4,357.5,49.1,33.8,4.07,NA
"657","diet","BO1009","diet 4",130,339.3,45,29,4.04,NA
"658","diet","BO1016","inhay +cal",NA,NA,NA,NA,NA,NA
"659","diet","BO1016","inhay +cal +peg",NA,NA,NA,NA,NA,NA
"660","diet","BO1019","glm0",130.4,NA,44.9,48.8,4150,NA
"661","diet","BO1019","glm12",134.3,NA,45.4,36.7,4060,NA
"662","diet","BO1019","glm24",137.5,NA,46.7,30.6,4050,NA
"663","diet","BO1019","glm36",146.4,NA,46.9,23.3,4020,NA
"664","diet","BO1025","100% (dvlm + dmlm)",158,283,105,NA,NA,NA
"665","diet","BO1025","100% concentrate mix",198,235,58,NA,NA,NA
"666","diet","BO1025","25% nsc + 75% (dvlm + dmlm)",167,273,97,NA,NA,NA
"667","diet","BO1025","50% nsc + 50% (dvlm + dmlm)",179,262,94,NA,NA,NA
"668","diet","BO1025","75% nsc + 25% (dvlm + dmlm)",189,249,78,NA,NA,NA
"669","diet","BO1032","nsm0",168,223,NA,35,17.19624,NA
"670","diet","BO1032","nsm100",165,243,NA,46,17.40544,NA
"671","diet","BO1032","nsm50",166,233,NA,41,17.27992,NA
"672","diet","BO1032","nsm75",166,238,NA,43,17.27992,NA
"673","diet","CJ1019","t1",131,NA,65.2,46,NA,NA
"674","diet","CJ1019","t2",138.1,NA,73.4,52.4,NA,NA
"675","diet","CJ1019","t3",123.1,NA,64.3,44.4,NA,NA
"676","diet","CJ1019","t4",113.8,NA,68.2,14.6,NA,NA
"677","diet","EM1011","t1 cm",188,318.2,43.9,NA,NA,NA
"678","diet","EM1011","t2 cm+ml",209.1,315,65.5,NA,NA,NA
"679","diet","EM1011","t3 cm+ml",230.3,318.6,87.1,NA,NA,NA
"680","diet","EM1011","t4 cm+ml",251.4,308.6,108.7,NA,NA,NA
"681","diet","EM1011","t5 ml",272.5,305.4,130.4,NA,NA,NA
"682","diet","EM1017","10mol",139,NA,81.2,38.3,NA,NA
"683","diet","EM1017","20mol",138.8,NA,80.8,40.3,NA,NA
"684","diet","EM1017","30mol",140.6,NA,78.7,46.5,NA,NA
"685","diet","EM1017","control",137,NA,76.5,37.1,NA,NA
"686","diet","JO1028","t1 feed",202.5,339.3,NA,NA,NA,NA
"687","diet","JO1028","t2 feed",206.6,324.3,NA,NA,NA,NA
"688","diet","JO1028","t3 feed",208.4,283.5,NA,NA,NA,NA
"689","diet","JO1030","diet a",137.7,332.1,NA,66.5,NA,NA
"690","diet","JO1031","gf",NA,232.3,64.9,NA,NA,NA
"691","diet","JO1039.2","iqr feed",76,NA,70,NA,NA,NA
"692","diet","JO1039.2","prq feed",20,NA,89,NA,NA,NA
"693","diet","JO1039.2","sirq feed",48,NA,83,NA,NA,NA
"694","diet","JO1039.3","100%lh feed",185,NA,84,NA,NA,NA
"695","diet","JO1039.3","100%prq feed",46,NA,60,NA,NA,NA
"696","diet","JO1039.3","25%prq 75%lh feed",150,NA,78,NA,NA,NA
"697","diet","JO1039.3","50%prq 50%lh feed",116,NA,72,NA,NA,NA
"698","diet","JO1039.3","75%prq 25%lh feed",81,NA,66,NA,NA,NA
"699","diet","BO1003","c25",71,NA,107,NA,NA,NA
"700","diet","BO1003","c50",101,NA,112,NA,NA,NA
"701","diet","BO1003","c75",99,NA,144,NA,NA,NA
"702","diet","BO1021","0% nigella sativa",145,NA,30,31,NA,NA
"703","diet","BO1021","100% nigella sativa",149,NA,45,52,NA,NA
"704","diet","BO1021","50% nigella sativa",150,NA,40,40,NA,NA
"705","diet","BO1036","100% (mlm +vlm)",105,283,158,NA,NA,NA
"706","diet","BO1036","100% concentrate mix",58,235,198,NA,NA,NA
"707","diet","BO1036","25% nsc + 75% (mlm +vlm)",97,273,167,NA,NA,NA
"708","diet","BO1036","50% nsc+ 50% (mlm +vlm)",94,262,179,NA,NA,NA
"709","diet","BO1036","75% nsc+25% (mlm +vlm)",78,249,189,NA,NA,NA
"710","diet","BO1041","t1g (forage)",110,NA,NA,NA,NA,NA
"711","diet","BO1041","t2g (concentrate)",140,NA,NA,NA,NA,NA
"712","diet","BO1042","0% cashew nut shell",188.9,305.1,96.2,50.5,NA,NA
"713","diet","BO1044","t2 (gg80% + csp10% + sbcw10%)",60.1,250,110,50,NA,NA
"714","diet","BO1044","t3 (gg60% + csp30% + sbcw10%)",76,260,90,40,NA,NA
"715","diet","BO1046","basal diet + cowpea residues (ama)",102,NA,124,NA,NA,NA
"716","diet","BO1046","basal diet + cowpea residues (ate)",115,NA,88,NA,NA,NA
"717","diet","BO1046","basal diet + groundnut residues (ama)",103,NA,115,NA,NA,NA
"718","diet","BO1046","basal diet + groundnut residues (ate)",116,NA,88.8,NA,NA,NA
"719","diet","BO1049","cfm + bh",126.3,NA,102.1,23.2,NA,NA
"720","diet","BO1049","cfm + cellulase & fibrolytic treated dpl + bh",141,NA,81.8,27.2,NA,NA
"721","diet","BO1049","cfm + cellulase treated dpl +bh",129.8,NA,83.8,23,NA,NA
"722","diet","BO1049","cfm + fibrolytic treated dpl + bh",138.2,NA,81.2,26.2,NA,NA
"723","diet","BO1049","cfm + untreated dpl + bh",92.2,NA,92.2,21,NA,NA
"724","diet","BO1052","0% untreated wmv",133,331.2,98,29.4,NA,NA
"725","diet","BO1052","100% treated wmv",124,356,98.3,29,NA,NA
"726","diet","BO1052","25% treated wmv",131,337.5,97.9,29.2,NA,NA
"727","diet","BO1052","50% treated wmv",127,344.4,99.7,29.1,NA,NA
"728","diet","BO1052","75% treated wmv",126,351,98.3,29.2,NA,NA
"729","diet","BO1053","inoculated silage buffalo",251.5,NA,59.8,4.3,NA,NA
"730","diet","BO1053","inoculated silage cattle",251.5,NA,59.8,4.3,NA,NA
"731","diet","BO1053","non-inoculated silage buffalo",82.1,NA,48.4,19.8,NA,NA
"732","diet","BO1053","non-inoculated silage cattle",82.1,NA,48.4,19.8,NA,NA
"733","diet","BO1059","control diet",115,NA,111.9,23.1,1.71,NA
"734","diet","BO1059","sbls with 0.3% urea",144.5,NA,152.4,23.6,1.65,NA
"735","diet","BO1059","sbls with 0.6% urea",146.5,NA,151.9,22.8,1.65,NA
"736","diet","BO1061","mucuna meal 16% (rfm)",214,NA,NA,NA,NA,NA
"737","diet","BO1061","protein isolate meal 5% (rim)",217,NA,NA,NA,NA,NA
"738","diet","BO1061","soybean meal 7% (rts)",212,NA,NA,NA,NA,NA
"739","diet","BO1062","control diet",187.2,NA,4.66,NA,NA,NA
"740","diet","BO1062","enz0",187.7,NA,4.34,NA,NA,NA
"741","diet","BO1062","enz100",188.8,NA,4.16,NA,NA,NA
"742","diet","BO1062","enz25",188.6,NA,4.58,NA,NA,NA
"743","diet","BO1062","enz50",188.4,NA,4.53,NA,NA,NA
"744","diet","BO1062","enz75",187.7,NA,4.63,NA,NA,NA
"745","diet","BO1074","25% corn cobs",134.9,NA,61.3,30.6,NA,NA
"746","diet","BO1074","50% corn cobs",119.2,NA,36,27.5,NA,NA
"747","diet","BO1076","0 gbvh",162.8,NA,108,45.5,18.6,NA
"748","diet","BO1076","100 gbvh",164,NA,129.6,38.1,18.1,NA
"749","diet","BO1076","25 gbvh",163.2,NA,114.8,43.2,18.5,NA
"750","diet","BO1076","50 gbvh",163.5,NA,118.7,41.8,18.4,NA
"751","diet","BO1076","75 gbvh",163.7,NA,122.9,40.4,18.3,NA
"752","diet","BO1079","csl 0%",123.1,NA,199.1,34,1.573,NA
"753","diet","BO1079","csl 10%",128.5,NA,195.9,30.1,1.574,NA
"754","diet","BO1079","csl 20%",132.5,NA,194.5,23,1.565,NA
"755","diet","BO1079","csl 30%",137,NA,151.2,29,1.659,NA
"756","diet","BO1083","0 cplm",121.1,NA,90.1,48.3,0.0163176,NA
"757","diet","BO1083","10 cplm",127.8,NA,96.3,51.1,0.01640128,NA
"758","diet","BO1083","20 cplm",134.1,NA,101.7,59.7,0.01635944,NA
"759","diet","BO1083","30 cplm",143.2,NA,101.9,59.9,0.0165268,NA
"760","diet","BO1085","control diet",158.5,322.1,76.6,32.8,NA,NA
"761","diet","BO1085","diet 1",158.5,331.7,78.7,30,NA,NA
"762","diet","BO1085","diet 2",155.6,320.4,81.5,27.2,NA,NA
"763","diet","BO1085","diet 3",155.1,354.1,79.6,32.8,NA,NA
"764","diet","BO1085","diet 5",154.7,345.2,80.5,29.6,NA,NA
"765","diet","BO1085","diet 6",153.3,357.7,84.1,26.2,NA,NA
"766","diet","BO1089","a. africana",91.4,NA,38.3,39.5,NA,NA
"767","diet","BO1089","a. occidentale diet",94.1,NA,25,30.5,NA,NA
"768","diet","BO1089","a.barteri diet",80.6,NA,31.2,21,NA,NA
"769","diet","BO1089","m.indica diet",112.6,NA,97.8,18,NA,NA
"770","diet","BO1093","0cpm",178.5,NA,191.2,64.2,NA,NA
"771","diet","BO1093","100 cpm",148,NA,174.4,52.5,NA,NA
"772","diet","BO1093","60 cpm",157.5,NA,176.2,56.5,NA,NA
"773","diet","BO1093","80 cpm",147,NA,175.3,52.5,NA,NA
"774","diet","0","cfm (10)",157.5,341.3,80.7,45.1,NA,NA
"775","diet","0","cfm (20)",157.4,342.3,82.4,51.4,NA,NA
"776","diet","0","cfm (5)",157.7,342.9,81.5,43.5,NA,NA
"777","diet","0","cfm without msk",157.4,340.8,81.2,38.5,NA,NA
"778","diet","BO1096","0% sweet potato peels",170,NA,120,45,NA,NA
"779","diet","BO1096","10% sweet potato peels",171,NA,110,40,NA,NA
"780","diet","BO1096","20% sweet potato peels",168,NA,120,35,NA,NA
"781","diet","BO1096","30% sweet potato peels",166,NA,115,45,NA,NA
"782","diet","BO1098","40 crsclm",136.4,357.5,49.1,33.8,4.07,NA
"783","diet","BO1098","60 crsclm",130,339.3,45,29,4.04,NA
"784","diet","BO1099","0 cashew nut shell",176.9,NA,34.3,44.8,NA,NA
"785","diet","CJ1006","r1",118.6,NA,92.8,24.5,NA,NA
"786","diet","CJ1006","r2",120.7,NA,94.4,23.8,NA,NA
"787","diet","CJ1006","r3",122.8,NA,96,23.2,NA,NA
"788","diet","EM1005","control ration1",122.5,NA,79.7,21.3,NA,NA
"789","diet","EM1005","ration 2",125.8,NA,87,34.8,NA,NA
"790","diet","EM1005","ration3",128.9,NA,70.1,39.8,NA,NA
"791","diet","EM1025","d1 katambora /vigna (1:4)",139.3,354.1,NA,NA,NA,NA
"792","diet","EM1025","d2 pellets",134.9,323.9,NA,NA,NA,NA
"793","diet","EM1042","ration 1 cfm1",136.2,NA,95.1,26,NA,NA
"794","diet","EM1042","ration2 cfm2",147,NA,96.2,34.3,NA,NA
"795","diet","EM1042","ration3 cfm3",138.9,NA,100,40.3,NA,NA
"796","diet","EM1045","treatment t1",149,NA,45,17,NA,NA
"797","diet","EM1045","treatment t2",131,NA,46,16,NA,NA
"798","diet","EM1045","treatment t3",156,NA,58,18,NA,NA
"799","diet","EM1045","treatment t4",175,NA,59,19,NA,NA
"800","diet","EM1045","treatment t5",181,NA,48,18,NA,NA
"801","diet","EM1046","treatment t1",90.4,NA,89.4,25.7,NA,NA
"802","diet","EM1046","treatment t2",135,NA,97.9,22.4,NA,NA
"803","diet","EM1046","treatment t3",159,NA,94.4,22.1,NA,NA
"804","diet","EM1052","diet 1",89.4,NA,92.5,41.4,NA,NA
"805","diet","EM1052","diet 2",99.9,NA,92.9,48.9,NA,NA
"806","diet","EM1052","diet 3",113.2,NA,93.3,53,NA,NA
"807","diet","EM1052","diet 4",86.7,NA,95.4,53.7,NA,NA
"808","diet","EM1052","diet 5",79.8,NA,98.4,56.5,NA,NA
"809","diet","EM1053","diet b",138.7,NA,74.3,50.3,NA,NA
"810","diet","EM1053","diet c",170.1,NA,73,65.9,NA,NA
"811","diet","EM1054","m0",170,NA,69.1,30.9,NA,NA
"812","diet","EM1054","m15",170,NA,81.3,31.8,NA,NA
"813","diet","EM1054","m20",170,NA,85.7,33.6,NA,NA
"814","diet","EM1056","treatment t1",175,276,61.5,40,0.1306,NA
"815","diet","EM1056","treatment t2",169.1,354,53.4,41.7,0.1316,NA
"816","diet","EM1057","diet r1",208.5,NA,56.4,68.6,NA,NA
"817","diet","EM1057","diet r2",208,NA,50.1,68.5,NA,NA
"818","diet","EM1057","diet r3",209.8,NA,53.7,69.6,NA,NA
"819","diet","EM1057","diet r4",209.6,NA,57.2,68.4,NA,NA
"820","diet","EM1059","diet 1",199.9,NA,NA,NA,NA,NA
"821","diet","EM1059","diet 2",198.9,NA,NA,NA,NA,NA
"822","diet","EM1059","diet 3",197.9,NA,NA,NA,NA,NA
"823","diet","EM1059","diet 4",196.9,NA,NA,NA,NA,NA
"824","diet","EM1065","treatment t1",168.5,NA,60,34.2,NA,NA
"825","diet","EM1065","treatment t2",173,NA,53.7,54.6,NA,NA
"826","diet","EM1065","treatment t3",184,NA,60.8,64.7,NA,NA
"827","diet","EM1067","control (a)",173,NA,105,NA,NA,NA
"828","diet","EM1067","treatment 1(b)",178,NA,128,NA,NA,NA
"829","diet","EM1067","treatment 2 (c)",184,NA,134,NA,NA,NA
"830","diet","EM1067","treatment 3 (d)",189,NA,137,NA,NA,NA
"831","diet","EM1068","rfm",214,NA,NA,NA,NA,NA
"832","diet","EM1068","rim",217,NA,NA,NA,NA,NA
"833","diet","EM1068","rts",212,NA,NA,NA,NA,NA
"834","diet","EM1075","control",169.8,339,66.6,29.9,NA,NA
"835","diet","EM1075","mso",171.2,349.8,66,41,NA,NA
"836","diet","EM1076","cfm t1",157.4,340.8,81.2,38.5,17.786184,NA
"837","diet","EM1076","cfm t2",157.7,342.9,81.5,43.5,17.894968,NA
"838","diet","EM1076","cfm t3",157.5,341.3,80.7,45.1,17.940992,NA
"839","diet","EM1076","cfm t4",157.4,342.3,82.4,51.4,18.045592,NA
"840","diet","EM1077","ration1",134.1,NA,112.2,27.7,NA,NA
"841","diet","EM1077","ration2",134,NA,115,28.3,NA,NA
"842","diet","EM1077","ration3",133.9,NA,117.9,28.9,NA,NA
"843","diet","EM1084","diet a",128,NA,94.8,37.6,NA,NA
"844","diet","EM1084","diet b",128.5,NA,90.5,41.9,NA,NA
"845","diet","EM1084","diet c",130.1,NA,1.4,47.7,NA,NA
"846","diet","EM1084","diet d",128.6,NA,98.4,45.4,NA,NA
"847","diet","EM1087","eragrostis teff hay",154,265,94,32,NA,NA
"848","diet","EM1087","lucerne hay",153,245,78,37,NA,NA
"849","diet","EM1087","maize s",151,240,92,31,NA,NA
"850","diet","EM1087","soybean hulls",156,232,84,35,NA,NA
"851","diet","EM1096","rcns a",71.6,NA,73.4,39.4,NA,NA
"852","diet","EM1096","rcns b",73.5,NA,72.8,37.9,NA,NA
"853","diet","EM1096","rcns c",78.4,NA,72.5,37.5,NA,NA
"854","diet","EM1096","rcns d",78.9,NA,70.1,37,NA,NA
"855","diet","EM1101","dsbp 1",169.3,303.9,91.2,36.8,NA,NA
"856","diet","EM1101","dsbp 2",170.1,328.8,93.4,34.4,NA,NA
"857","diet","EM1101","ycg",168.6,279.1,89.1,39.1,NA,NA
"858","diet","EM1102","treatment control",140.2,299,NA,29,NA,NA
"859","diet","EM1102","treatment t1",145,292.2,NA,34.2,NA,NA
"860","diet","EM1102","treatment t2",149.4,285,NA,39.3,NA,NA
"861","diet","EM1106","ed",135,280,NA,NA,NA,NA
"862","diet","EM1107","treatment t3",136.4,357.5,49.1,33.8,4.07,NA
"863","diet","EM1107","treatment t4",130,339.3,45,29,4.04,NA
"864","diet","JO1000","msc0%",155.4,256.4,129.5,39.5,NA,NA
"865","diet","JO1000","msc100%",152.1,260.4,120,52.5,NA,NA
"866","diet","JO1000","msc25%",153.8,258.4,124.7,46,NA,NA
"867","diet","JO1000","msc50%",154.7,257.3,127.1,42.8,NA,NA
"868","diet","JO1010","lpbb",132,277,191,NA,NA,NA
"869","diet","JO1010","scbb",126,253,193,NA,NA,NA
"870","diet","JO1010","ubb",262,285,165,NA,NA,NA
"871","diet","JO1042","154mbh 156cm t3",247.2,284.2,95.6,NA,NA,NA
"872","diet","JO1042","226cm t1",273.1,284.2,101.5,NA,NA,NA
"873","diet","JO1042","231mbh 120cm t4",245.2,295,95.6,NA,NA,NA
"874","diet","JO1042","308mbh 87cm t5",244.9,263.7,78.5,NA,NA,NA
"875","diet","JO1042","77mbh 192cm t2",276.2,302.7,105.8,NA,NA,NA
"876","diet","JO1044","feed 1",188.9,305.1,96.2,50.5,NA,NA
"877","diet","JO1045","trs feed",72.6,NA,268.3,NA,NA,NA
"878","diet","JO1045","urs feed",54.2,NA,216,NA,NA,NA
"879","diet","JO1052","faba bean",145,NA,NA,NA,NA,NA
"880","diet","JO1052","field pea",139,NA,NA,NA,NA,NA
"881","diet","JO1052","soybean meal",143,NA,NA,NA,NA,NA
"882","diet","JO1054","t1 cfm60 bh15 drs25",133.3,NA,147.8,30.2,NA,NA
"883","diet","JO1054","t2 cfm60 bh15 csl25",134.3,NA,134.2,25.8,NA,NA
"884","diet","JO1054","t3 cfm60 bh15 ur25",134,NA,133.3,25.5,NA,NA
"885","diet","JO1056","g1 cfm50 bs25",154.7,NA,122.9,20.6,NA,NA
"886","diet","JO1056","g2 cfm50 pms25",149.6,NA,110.5,26.2,NA,NA
"887","diet","JO1056","g3 cfm50 pms50",146.9,NA,97.4,30.2,NA,NA
"888","diet","JO1057","t2 cf",47,NA,NA,NA,NA,NA
"889","diet","JO1057","t3 lf",123.1,NA,NA,NA,NA,NA
"890","diet","JO1060","diet 2",140,NA,54.5,66,NA,NA
"891","diet","JO1060","diet 3",154,NA,64,41,NA,NA
"892","diet","JO1060","diet 4",157,NA,67.5,42,NA,NA
"893","diet","JO1060","diet 5",140,NA,92,70,NA,NA
"894","diet","JO1064","cfm bh",118.6,NA,110.7,26.1,NA,NA
"895","diet","JO1064","cfm sbhtv bh",145.4,NA,95.6,24.3,NA,NA
"896","diet","JO1064","cfm sbp bh",101.2,NA,84.4,20.7,NA,NA
"897","diet","JO1064","cfm sbpcc bh",144.8,NA,95.1,24.3,NA,NA
"898","diet","JO1064","cfm sbpsc bh",147.8,NA,95.2,24.9,NA,NA
"899","diet","JO1067","diet 1",210.3,NA,NA,37.8,NA,NA
"900","diet","JO1067","diet 2",207,NA,NA,37.2,NA,NA
"901","diet","JO1067","diet 3",205.4,NA,NA,36.8,NA,NA
"902","diet","JO1067","diet 4",203.8,NA,NA,36.8,NA,NA
"903","diet","JO1067","diet 5",200.2,NA,NA,36.8,NA,NA
"904","diet","JO1068","control",160.7,NA,54.1,56,NA,NA
"905","diet","JO1071","treatment 1",271.3,NA,NA,NA,NA,NA
"906","diet","JO1071","treatment 2",276.4,NA,NA,NA,NA,NA
"907","diet","JO1071","treatment 3",281.6,NA,NA,NA,NA,NA
"908","diet","JO1071","treatment 4",286.7,NA,NA,NA,NA,NA
"909","diet","JO1078","control",164.7,NA,NA,33.4,NA,NA
"910","diet","JO1078","mistletoe",179.4,NA,NA,37.5,NA,NA
"911","diet","JO1078","moringa",165.8,NA,NA,30.2,NA,NA
"912","diet","JO1078","phyllanthus",176.67,NA,NA,24.2,NA,NA
"913","diet","JO1081","diet 1",NA,NA,105.5,45,22.8028,NA
"914","diet","JO1081","diet 2",NA,NA,91.2,46.1,22.67728,NA
"915","diet","JO1081","diet 3",NA,NA,86.2,48,23.05384,NA
"916","diet","JO1081","diet 4",NA,NA,84.9,49.4,22.09152,NA
"917","diet","JO1085","cd",141,335,73,48,8.4,NA
"918","diet","JO1086","g1",167,NA,62,45.1,NA,NA
"919","diet","JO1086","g2",172.4,NA,68.8,42.6,NA,NA
"920","diet","JO1086","g3",174,NA,64.6,43.9,NA,NA
"921","diet","JO1087","diet 1",99.5,292.2,55.5,31.3,NA,NA
"922","diet","JO1087","diet 4",107,290,51.5,32,NA,NA
"923","diet","JO1091","cdc",153.6,227.9,69.4,NA,NA,NA
"924","diet","JO1094","diet 1",202.5,339.3,NA,NA,NA,NA
"925","diet","JO1094","diet 2",206.6,324.3,NA,NA,NA,NA
"926","diet","JO1094","diet 3",208.4,283.5,NA,NA,NA,NA
"927","diet","JO1095","diet 2",171.7,359,62,NA,NA,NA
"928","diet","JO1095","diet 3",181.8,354,58,NA,NA,NA
"929","diet","JO1095","diet 4",199.2,351.4,44,NA,NA,NA
"930","diet","JO1095","diet 5",211.3,348.8,35.9,NA,NA,NA
"931","diet","JO1098","ration 2",110.4,352.3,110.5,24.5,NA,NA
"932","diet","JO1098","ration 3",109.5,349,116.3,25.6,NA,NA
"933","diet","JO1100","diet 1",133,NA,56.3,13.3,NA,NA
"934","diet","JO1100","diet 2",148.8,NA,75.8,23.2,NA,NA
"935","diet","JO1100","diet 3",180.1,NA,88.6,28,NA,NA
"936","diet","JO1100","diet 4",205.3,NA,89.2,30.6,NA,NA
"937","diet","AN0020","control t1",NA,NA,NA,NA,NA,NA
"938","diet","AN0020","t2",NA,NA,NA,NA,NA,NA
"939","diet","AN0020","t3",NA,NA,NA,NA,NA,NA
"940","diet","DK0001","commercial feed",NA,NA,NA,NA,NA,NA
"941","diet","DK0007","con",NA,NA,NA,NA,NA,NA
"942","diet","DK0007","t2 ess",NA,NA,NA,NA,NA,NA
"943","diet","DK0007","t3 eas",NA,NA,NA,NA,NA,NA
"944","diet","DK0007","t4 sss",NA,NA,NA,NA,NA,NA
"945","diet","DK0007","t5 sas",NA,NA,NA,NA,NA,NA
"946","diet","DK0037","mcm",NA,NA,NA,NA,NA,NA
"947","diet","EO0032","100% concentrate",NA,NA,NA,NA,NA,NA
"948","diet","EO0032","25%concentrate+75% leaf meal",NA,NA,NA,NA,NA,NA
"949","diet","EO0032","50%concentrate+50% leaf meal",NA,NA,NA,NA,NA,NA
"950","diet","EO0032","75% concentrate+25% leaf meal",NA,NA,NA,NA,NA,NA
"951","diet","EO0041","pl22",NA,NA,NA,NA,NA,NA
"952","diet","EO0041","pl35",NA,NA,NA,NA,NA,NA
"953","diet","EO0041","pl45",NA,NA,NA,NA,NA,NA
"954","diet","EO0041","plo",NA,NA,NA,NA,NA,NA
"955","diet","HK0005","fss con",NA,NA,NA,NA,NA,NA
"956","diet","HK0005","fss1",NA,NA,NA,NA,NA,NA
"957","diet","HK0005","fss2",NA,NA,NA,NA,NA,NA
"958","diet","HK0005","fss3",NA,NA,NA,NA,NA,NA
"959","diet","HK0045","con",NA,NA,NA,NA,NA,NA
"960","diet","HK0045","ob2",NA,NA,NA,NA,NA,NA
"961","diet","HK0045","ob3",NA,NA,NA,NA,NA,NA
"962","diet","HK0045","ob4",NA,NA,NA,NA,NA,NA
"963","diet","HK0045","ob5",NA,NA,NA,NA,NA,NA
"964","diet","HK0045","wl6",NA,NA,NA,NA,NA,NA
"965","diet","HK0045","wl7",NA,NA,NA,NA,NA,NA
"966","diet","HK0045","wl8",NA,NA,NA,NA,NA,NA
"967","diet","HK0045","wl9",NA,NA,NA,NA,NA,NA
"968","diet","HK0082","chm1",NA,NA,NA,NA,NA,NA
"969","diet","HK0082","chm2",NA,NA,NA,NA,NA,NA
"970","diet","HK0082","chm3",NA,NA,NA,NA,NA,NA
"971","diet","HK0082","chm4",NA,NA,NA,NA,NA,NA
"972","diet","HK0082","diet con",NA,NA,NA,NA,NA,NA
"973","diet","HK0143","concentrate grass diet",NA,NA,NA,NA,NA,NA
"974","diet","HK0154","0% leucaena",NA,NA,NA,NA,NA,NA
"975","diet","HK0154","10% leucaena",NA,NA,NA,NA,NA,NA
"976","diet","HK0154","20% leucaena",NA,NA,NA,NA,NA,NA
"977","diet","HK0154","30% leucaena",NA,NA,NA,NA,NA,NA
"978","diet","HK0154","40% leucaena",NA,NA,NA,NA,NA,NA
"979","diet","HK0177","120ml fple",NA,NA,NA,NA,NA,NA
"980","diet","HK0182","con",NA,NA,NA,NA,NA,NA
"981","diet","HK0182","dcl1",NA,NA,NA,NA,NA,NA
"982","diet","HK0182","dcl2",NA,NA,NA,NA,NA,NA
"983","diet","HK0182","dcl3",NA,NA,NA,NA,NA,NA
"984","diet","HK0210","chicken m1",NA,NA,NA,NA,NA,NA
"985","diet","HK0210","chicken m2",NA,NA,NA,NA,NA,NA
"986","diet","HK0210","chicken m3",NA,NA,NA,NA,NA,NA
"987","diet","HK0210","diet con",NA,NA,NA,NA,NA,NA
"988","diet","HK0263","diet con grazing",NA,NA,NA,NA,NA,NA
"989","diet","HK0263","rotational1",NA,NA,NA,NA,NA,NA
"990","diet","HK0263","rotational2",NA,NA,NA,NA,NA,NA
"991","diet","HK0337","t66 concentrate",NA,NA,NA,NA,NA,NA
"992","diet","JS0047","scb bundle1",NA,NA,NA,NA,NA,NA
"993","diet","JS0047","scb con bundle2",NA,NA,NA,NA,NA,NA
"994","diet","JS0047","sfm bundle1",NA,NA,NA,NA,NA,NA
"995","diet","JS0047","so con bundle1",NA,NA,NA,NA,NA,NA
"996","diet","JS0060","base",NA,NA,NA,NA,NA,NA
"997","diet","JS0094.1","con experiment1",NA,NA,NA,NA,NA,NA
"998","diet","JS0094.1","shc1 experiment1",NA,NA,NA,NA,NA,NA
"999","diet","JS0094.1","shc2 experiment1",NA,NA,NA,NA,NA,NA
"1000","diet","JS0094.1","shc3 experiment1",NA,NA,NA,NA,NA,NA
"1001","diet","JS0094.1","shc4 experiment1",NA,NA,NA,NA,NA,NA
"1002","diet","JS0094.2","shc2 experiment2",NA,NA,NA,NA,NA,NA
"1003","diet","JS0115","berseem",NA,NA,NA,NA,NA,NA
"1004","diet","JS0167","broiler litter3",NA,NA,NA,NA,NA,NA
"1005","diet","JS0172","concentrate + cc",NA,NA,NA,NA,NA,NA
"1006","diet","JS0193","trt 1",NA,NA,NA,NA,NA,NA
"1007","diet","JS0193","trt 2",NA,NA,NA,NA,NA,NA
"1008","diet","JS0193","trt 3",NA,NA,NA,NA,NA,NA
"1009","diet","JS0197","r1 0dll",NA,NA,NA,NA,NA,NA
"1010","diet","JS0197","r2 15dll",NA,NA,NA,NA,NA,NA
"1011","diet","JS0197","r3 30dll",NA,NA,NA,NA,NA,NA
"1012","diet","JS0197","r4 45dll",NA,NA,NA,NA,NA,NA
"1013","diet","JS0201.1","mum",NA,NA,NA,NA,NA,NA
"1014","diet","JS0201.1","nmmb",NA,NA,NA,NA,NA,NA
"1015","diet","JS0201.2","nmmb",NA,NA,NA,NA,NA,NA
"1016","diet","JS0205","leucaena llm 3",NA,NA,NA,NA,NA,NA
"1017","diet","JS0208","ws treated ts bundle2",NA,NA,NA,NA,NA,NA
"1018","diet","JS0208","ws treated+hay tsh bundle1",NA,NA,NA,NA,NA,NA
"1019","diet","JS0208","ws treated+hay tsh bundle3",NA,NA,NA,NA,NA,NA
"1020","diet","JS0210.1","15% marejea hay",NA,NA,NA,NA,NA,NA
"1021","diet","JS0210.1","30% marejea hay",NA,NA,NA,NA,NA,NA
"1022","diet","JS0210.1","45% marejea hay",NA,NA,NA,NA,NA,NA
"1023","diet","JS0210.1","no marejea hay",NA,NA,NA,NA,NA,NA
"1024","diet","JS0210.2","15% marejea hay",NA,NA,NA,NA,NA,NA
"1025","diet","JS0210.2","30% marejea hay",NA,NA,NA,NA,NA,NA
"1026","diet","JS0210.2","no marejea hay",NA,NA,NA,NA,NA,NA
"1027","diet","JS0226","cenchrus ciliaris diet",NA,NA,NA,NA,NA,NA
"1028","diet","JS0226","millet forage diet",NA,NA,NA,NA,NA,NA
"1029","diet","JS0226","sorghum forage diet",NA,NA,NA,NA,NA,NA
"1030","diet","JS0226","veldt grass diet",NA,NA,NA,NA,NA,NA
"1031","diet","JS0230","d con lucerne",NA,NA,NA,NA,NA,NA
"1032","diet","JS0230","terminalia serecia",NA,NA,NA,NA,NA,NA
"1033","diet","JS0231","before rain s",NA,NA,NA,NA,NA,NA
"1034","diet","JS0231","continuous s",NA,NA,NA,NA,NA,NA
"1035","diet","JS0249","200 g cm",NA,NA,NA,NA,NA,NA
"1036","diet","JS0249","300 g cm",NA,NA,NA,NA,NA,NA
"1037","diet","JS0249","400 g cm",NA,NA,NA,NA,NA,NA
"1038","diet","JS0261","hay with 400g suppliment",NA,NA,NA,NA,NA,NA
"1039","diet","JS0269.1","d1 access to native hay",NA,NA,NA,NA,NA,NA
"1040","diet","JS0269.1","d2 native hay and 345g alfafa hay",NA,NA,NA,NA,NA,NA
"1041","diet","JS0269.1","d3 native hay and 387g cowpea hay",NA,NA,NA,NA,NA,NA
"1042","diet","JS0269.1","d4 native hay and 302 g a. brevispica leaves",NA,NA,NA,NA,NA,NA
"1043","diet","JS0269.1","d5 native hay and 365 g a. tortilis fruits",NA,NA,NA,NA,NA,NA
"1044","diet","JS0285","high conc.",NA,NA,NA,NA,NA,NA
"1045","diet","JS0285","low conc.",NA,NA,NA,NA,NA,NA
"1046","diet","JS0285","medium conc.",NA,NA,NA,NA,NA,NA
"1047","diet","JS0306","20% moc",NA,NA,NA,NA,NA,NA
"1048","diet","JS0316","con hay bundle1",NA,NA,NA,NA,NA,NA
"1049","diet","JS0316","con mix bundle2",NA,NA,NA,NA,NA,NA
"1050","diet","JS0316","sesban bundle1",NA,NA,NA,NA,NA,NA
"1051","diet","JS0316","sesbania 1 bundle2",NA,NA,NA,NA,NA,NA
"1052","diet","JS0316","sesbania 2 bundle2",NA,NA,NA,NA,NA,NA
"1053","diet","JS0316","sesbania 3 bundle2",NA,NA,NA,NA,NA,NA
"1054","diet","JS0324.1","acacia tortilis 3",NA,NA,NA,NA,NA,NA
"1055","diet","JS0324.2","con bundle2",NA,NA,NA,NA,NA,NA
"1056","diet","JS0340","msp100 yeast",NA,NA,NA,NA,NA,NA
"1057","diet","JS0341","deep litter system + lp",NA,NA,NA,NA,NA,NA
"1058","diet","JS0342","0% bsc",NA,NA,NA,NA,NA,NA
"1059","diet","JS0342","100% bsc",NA,NA,NA,NA,NA,NA
"1060","diet","JS0342","25% bsc",NA,NA,NA,NA,NA,NA
"1061","diet","JS0342","75% bsc",NA,NA,NA,NA,NA,NA
"1062","diet","JS0345","natural (np)",NA,NA,NA,NA,NA,NA
"1063","diet","JS0345","pasture + supplementation(ps)",NA,NA,NA,NA,NA,NA
"1064","diet","JS0350","diet con bundle1",NA,NA,NA,NA,NA,NA
"1065","diet","JS0350","diet con bundle2",NA,NA,NA,NA,NA,NA
"1066","diet","JS0393","protein supp. dorper",NA,NA,NA,NA,NA,NA
"1067","diet","JS0393","salt/phosphate supp. dorper",NA,NA,NA,NA,NA,NA
"1068","diet","JS0393","salt/phosphate supp. merino",NA,NA,NA,NA,NA,NA
"1069","diet","JS0419","t4 ca bundle5",NA,NA,NA,NA,NA,NA
"1070","diet","LM0018","cpv diet",NA,NA,NA,NA,NA,NA
"1071","diet","LM0019","0.5kg csm",NA,NA,NA,NA,NA,NA
"1072","diet","LM0101","t2 poultry l b3",NA,NA,NA,NA,NA,NA
"1073","diet","LM0124","control",NA,NA,NA,NA,NA,NA
"1074","diet","LM0125","diet con",NA,NA,NA,NA,NA,NA
"1075","diet","LM0125","diet low fm",NA,NA,NA,NA,NA,NA
"1076","diet","LM0127","lc",NA,NA,NA,NA,NA,NA
"1077","diet","LM0127","mc",NA,NA,NA,NA,NA,NA
"1078","diet","LM0227.1","mng + plbc",NA,NA,NA,NA,NA,NA
"1079","diet","LM0227.1","mng + sfbc",NA,NA,NA,NA,NA,NA
"1080","diet","LM0227.1","ong +plbc",NA,NA,NA,NA,NA,NA
"1081","diet","LM0227.1","onp + sfbc",NA,NA,NA,NA,NA,NA
"1082","diet","LM0227.2","mng + 3.65 plbc",NA,NA,NA,NA,NA,NA
"1083","diet","LM0227.2","mng + 6.35 plbc",NA,NA,NA,NA,NA,NA
"1084","diet","LM0227.2","mng +0.91 plbc",NA,NA,NA,NA,NA,NA
"1085","diet","LM0248","hb",NA,NA,NA,NA,NA,NA
"1086","diet","LM0248","hb2",NA,NA,NA,NA,NA,NA
"1087","diet","LM0248","hg",NA,NA,NA,NA,NA,NA
"1088","diet","LM0248","hg1",NA,NA,NA,NA,NA,NA
"1089","diet","LM0248","hgb",NA,NA,NA,NA,NA,NA
"1090","diet","LM0248","hgb1",NA,NA,NA,NA,NA,NA
"1091","diet","LM0248","hgb2",NA,NA,NA,NA,NA,NA
"1092","diet","LM0277.1","0% poultry waste",NA,NA,NA,NA,NA,NA
"1093","diet","LM0277.1","05% odpw",NA,NA,NA,NA,NA,NA
"1094","diet","LM0277.1","05% sdpw",NA,NA,NA,NA,NA,NA
"1095","diet","LM0277.1","10% odpw",NA,NA,NA,NA,NA,NA
"1096","diet","LM0277.1","10% sdpw",NA,NA,NA,NA,NA,NA
"1097","diet","LM0277.1","15% odpw",NA,NA,NA,NA,NA,NA
"1098","diet","LM0277.1","15% sdpw",NA,NA,NA,NA,NA,NA
"1099","diet","LM0277.1","20% odpw",NA,NA,NA,NA,NA,NA
"1100","diet","LM0277.1","20% sdpw",NA,NA,NA,NA,NA,NA
"1101","diet","LM0311","mrb 50",NA,NA,NA,NA,NA,NA
"1102","diet","LM0351","diet caas",NA,NA,NA,NA,NA,NA
"1103","diet","LM0351","diet cccs",NA,NA,NA,NA,NA,NA
"1104","diet","LM0351","diet clls",NA,NA,NA,NA,NA,NA
"1105","diet","LM0351","diet cmas",NA,NA,NA,NA,NA,NA
"1106","diet","NJ0016","mixed forage meal y1",NA,NA,NA,NA,NA,NA
"1107","diet","NJ0016","mixed forage meal y2",NA,NA,NA,NA,NA,NA
"1108","diet","NJ0016","mixed forage meal y3",NA,NA,NA,NA,NA,NA
"1109","diet","NJ0027","cm",NA,NA,NA,NA,NA,NA
"1110","diet","NJ0027","cmenz",NA,NA,NA,NA,NA,NA
"1111","diet","NJ0027","cmenzph",NA,NA,NA,NA,NA,NA
"1112","diet","NJ0027","cmph",NA,NA,NA,NA,NA,NA
"1113","diet","NJ0027","control",NA,NA,NA,NA,NA,NA
"1114","diet","NJ0052","hmc",NA,NA,NA,NA,NA,NA
"1115","diet","NN0083","barley concentrate con",NA,NA,NA,NA,NA,NA
"1116","diet","NN0083","cactus concentrate",NA,NA,NA,NA,NA,NA
"1117","diet","NN0137.1","dgcm 0.05",NA,NA,NA,NA,NA,NA
"1118","diet","NN0137.1","dgsm 0.1",NA,NA,NA,NA,NA,NA
"1119","diet","NN0137.1","dgsm 0.15",NA,NA,NA,NA,NA,NA
"1120","diet","NN0137.1","dgsm 0.2",NA,NA,NA,NA,NA,NA
"1121","diet","NN0137.2","dgsm 0",NA,NA,NA,NA,NA,NA
"1122","diet","NN0137.2","dgsm 2",NA,NA,NA,NA,NA,NA
"1123","diet","NN0137.2","dgsm 4",NA,NA,NA,NA,NA,NA
"1124","diet","NN0137.2","dgsm 6",NA,NA,NA,NA,NA,NA
"1125","diet","NN0155","con 0% t 100% maize",NA,NA,NA,NA,NA,NA
"1126","diet","NN0155","diet 2 67% maize 33% t",NA,NA,NA,NA,NA,NA
"1127","diet","NN0155","diet 3 33% maize 67% t",NA,NA,NA,NA,NA,NA
"1128","diet","NN0189","300g cc",NA,NA,NA,NA,NA,NA
"1129","diet","NN0223","goats diet",NA,NA,NA,NA,NA,NA
"1130","diet","NN0223","sheeps diet",NA,NA,NA,NA,NA,NA
"1131","diet","NN0227","t4 ov hay, ml + ch, ts + ch",NA,NA,NA,NA,NA,NA
"1132","diet","NN0236","t1",NA,NA,NA,NA,NA,NA
"1133","diet","NN0253","control",NA,NA,NA,NA,NA,NA
"1134","diet","NN0272.1","control",NA,NA,NA,NA,NA,NA
"1135","diet","NN0272.1","sep + spv",NA,NA,NA,NA,NA,NA
"1136","diet","NN0272.1","sepd",NA,NA,NA,NA,NA,NA
"1137","diet","NN0272.1","spvd",NA,NA,NA,NA,NA,NA
"1138","diet","NN0272.1.2","control",NA,NA,NA,NA,NA,NA
"1139","diet","NN0272.1.2","sep + spv",NA,NA,NA,NA,NA,NA
"1140","diet","NN0272.1.2","sepd",NA,NA,NA,NA,NA,NA
"1141","diet","NN0272.1.2","spvd",NA,NA,NA,NA,NA,NA
"1142","diet","NN0272.2","con",NA,NA,NA,NA,NA,NA
"1143","diet","NN0272.2","t2 mixed",NA,NA,NA,NA,NA,NA
"1144","diet","NN0272.2","t3 spv",NA,NA,NA,NA,NA,NA
"1145","diet","NN0272.2","t4 solanum",NA,NA,NA,NA,NA,NA
"1146","diet","NN0322","con maize",NA,NA,NA,NA,NA,NA
"1147","diet","NN0322","crm and pkc (1:1)",NA,NA,NA,NA,NA,NA
"1148","diet","NN0322","fcp mix 100",NA,NA,NA,NA,NA,NA
"1149","diet","NN0322","fcp mix 25",NA,NA,NA,NA,NA,NA
"1150","diet","NN0322","fcp mix 50",NA,NA,NA,NA,NA,NA
"1151","diet","NN0322","fcp mix 75",NA,NA,NA,NA,NA,NA
"1152","diet","NN0345","t1 pasture hay",NA,NA,NA,NA,NA,NA
"1153","diet","NN0345","t2 ag",NA,NA,NA,NA,NA,NA
"1154","diet","NN0345","t3 peg",NA,NA,NA,NA,NA,NA
"1155","diet","NN0366","flaxsoy treatment diet",NA,NA,NA,NA,NA,NA
"1156","diet","NN0375","t3 feed addition",NA,NA,NA,NA,NA,NA
"1157","diet","NN0375","t3 feed substitution",NA,NA,NA,NA,NA,NA
"1158","diet","NN0375","t4 feed addition",NA,NA,NA,NA,NA,NA
"1159","diet","NN0375","t4 feed substitution",NA,NA,NA,NA,NA,NA
"1160","diet","NN0375","t5 feed addition",NA,NA,NA,NA,NA,NA
"1161","diet","NN0375","t5 feed substitution",NA,NA,NA,NA,NA,NA
"1162","diet","NN0384","8% inclusion",NA,NA,NA,NA,NA,NA
"1163","diet","NN0396","0% sorghum",NA,NA,NA,NA,NA,NA
"1164","diet","NN0396","100% sorghum",NA,NA,NA,NA,NA,NA
"1165","diet","NN0396","25% sorghum",NA,NA,NA,NA,NA,NA
"1166","diet","NN0396","50% sorghum",NA,NA,NA,NA,NA,NA
"1167","diet","NN0396","75% sorghum",NA,NA,NA,NA,NA,NA
